datetime,symbol,open,high,low,close,volume,ema_200,williams_long_stop_plot,williams_short_stop_plot,is_williams_high,is_williams_low,williams_high_price,williams_low_price,strategy_position
2025-08-12 20:45:00,OANDA:XAUUSD,3349.945,3350.13,3348.21,3349.38,1454.0,3349.38,3349.38,3349.38,False,False,,,0
2025-08-12 20:50:00,OANDA:XAUUSD,3349.375,3350.77,3348.995,3349.705,1740.0,3349.383233830846,3349.38,3349.705,False,False,,,0
2025-08-12 20:55:00,OANDA:XAUUSD,3349.715,3349.9,3347.39,3348.24,1909.0,3349.371858369843,3348.24,3349.705,False,False,,,0
2025-08-12 21:00:00,OANDA:XAUUSD,3348.22,3349.515,3348.04,3348.49,1221.0,3349.3630836596953,3348.24,3349.705,False,False,,,0
2025-08-12 21:05:00,OANDA:XAUUSD,3348.445,3349.895,3348.23,3349.66,1155.0,3349.3660380511415,3348.24,3349.705,False,False,,,0
2025-08-12 21:10:00,OANDA:XAUUSD,3349.705,3349.705,3347.85,3348.425,833.0,3349.356674488444,3348.24,3349.705,False,False,,,0
2025-08-12 21:15:00,OANDA:XAUUSD,3348.485,3348.98,3347.63,3347.675,1189.0,3349.3399414089567,3347.675,3349.66,False,False,,,0
2025-08-12 21:20:00,OANDA:XAUUSD,3347.645,3348.465,3346.43,3348.145,1163.0,3349.3280514446888,3347.675,3349.66,False,False,,,0
2025-08-12 21:25:00,OANDA:XAUUSD,3348.15,3349.1,3347.475,3349.1,1177.0,3349.325782276085,3347.675,3349.66,False,False,,,0
2025-08-12 21:30:00,OANDA:XAUUSD,3349.1,3350.33,3348.425,3350.065,1239.0,3349.3331376763235,3347.675,3350.065,False,False,,,0
2025-08-12 21:35:00,OANDA:XAUUSD,3350.075,3350.93,3348.94,3349.755,1189.0,3349.3373353113852,3347.675,3350.065,True,False,3350.93,,0
2025-08-12 21:40:00,OANDA:XAUUSD,3349.74,3349.98,3349.14,3349.145,1652.0,3349.3354215271925,3348.145,3350.065,False,False,,,0
2025-08-12 21:45:00,OANDA:XAUUSD,3349.115,3350.635,3349.05,3349.315,1530.0,3349.335218327917,3349.1,3350.065,False,False,,,0
2025-08-12 21:50:00,OANDA:XAUUSD,3349.275,3349.63,3348.12,3348.49,1466.0,3349.326808195301,3348.49,3350.065,False,False,,,0
2025-08-12 21:55:00,OANDA:XAUUSD,3348.465,3349.12,3348.015,3349.08,1368.0,3349.324352392363,3348.49,3349.755,False,False,,,0
2025-08-12 22:00:00,OANDA:XAUUSD,3349.075,3349.67,3348.985,3349.61,1044.0,3349.327194657116,3348.49,3349.61,False,False,,,0
2025-08-12 22:05:00,OANDA:XAUUSD,3349.605,3349.67,3348.485,3348.505,1452.0,3349.319013615752,3348.49,3349.61,False,False,,,0
2025-08-12 22:10:00,OANDA:XAUUSD,3348.51,3348.835,3347.6,3348.66,1312.0,3349.3124562663415,3348.49,3349.61,False,False,,,0
2025-08-12 22:15:00,OANDA:XAUUSD,3348.59,3349.215,3348.28,3349.0,1052.0,3349.3093472487662,3348.505,3349.61,False,False,,,0
2025-08-12 22:20:00,OANDA:XAUUSD,3348.985,3349.235,3348.425,3349.225,1114.0,3349.3085079726593,3348.505,3349.61,False,False,,,0
2025-08-12 22:25:00,OANDA:XAUUSD,3349.23,3349.79,3348.835,3349.105,1394.0,3349.3064830177077,3348.505,3349.225,False,False,,,0
2025-08-12 22:30:00,OANDA:XAUUSD,3349.09,3349.49,3348.595,3349.065,1562.0,3349.304080201611,3348.66,3349.225,False,False,,,0
2025-08-12 22:35:00,OANDA:XAUUSD,3349.025,3349.055,3345.595,3346.49,1448.0,3349.2760794035853,3346.49,3349.225,False,True,,3345.595,0
2025-08-12 22:40:00,OANDA:XAUUSD,3346.485,3347.185,3346.01,3346.55,1053.0,3349.2489542353906,3346.49,3349.225,False,False,,,0
2025-08-12 22:45:00,OANDA:XAUUSD,3346.555,3346.68,3345.925,3346.44,1005.0,3349.221004442004,3346.44,3349.105,False,False,,,0
2025-08-12 22:50:00,OANDA:XAUUSD,3346.45,3346.78,3345.955,3346.77,1426.0,3349.1966163381035,3346.44,3349.065,False,False,,,0
2025-08-12 22:55:00,OANDA:XAUUSD,3346.735,3348.56,3346.515,3348.34,1060.0,3349.188092792451,3346.44,3348.34,False,False,,,0
2025-08-12 23:00:00,OANDA:XAUUSD,3348.345,3349.34,3348.32,3348.51,1612.0,3349.181345600486,3346.44,3348.51,False,False,,,0
2025-08-12 23:05:00,OANDA:XAUUSD,3348.49,3349.07,3348.16,3348.25,892.0,3349.172078480083,3346.44,3348.51,False,False,,,0
2025-08-12 23:10:00,OANDA:XAUUSD,3348.23,3348.465,3347.545,3347.94,982.0,3349.1598189927195,3346.77,3348.51,False,False,,,0
2025-08-12 23:15:00,OANDA:XAUUSD,3347.95,3348.62,3347.725,3348.15,908.0,3349.1497710425433,3347.94,3348.51,False,False,,,0
2025-08-12 23:20:00,OANDA:XAUUSD,3348.145,3348.32,3347.175,3347.195,953.0,3349.1303205844088,3347.195,3348.51,False,False,,,0
2025-08-12 23:25:00,OANDA:XAUUSD,3347.185,3348.49,3346.81,3347.66,1388.0,3349.1156905288426,3347.195,3348.25,False,False,,,0
2025-08-12 23:30:00,OANDA:XAUUSD,3347.655,3347.83,3346.4,3346.4,303.0,3349.088668732536,3346.4,3348.15,False,False,,,0
2025-08-12 23:35:00,OANDA:XAUUSD,3346.46,3347.115,3346.025,3346.815,451.0,3349.0660451630583,3346.4,3348.15,False,False,,,0
2025-08-12 23:40:00,OANDA:XAUUSD,3346.785,3347.34,3346.58,3346.82,702.0,3349.0436964549685,3346.4,3347.66,False,False,,,0
2025-08-12 23:45:00,OANDA:XAUUSD,3346.84,3348.015,3346.74,3347.715,699.0,3349.0304755947204,3346.4,3347.715,False,False,,,0
2025-08-12 23:50:00,OANDA:XAUUSD,3347.705,3348.155,3347.625,3348.155,222.0,3349.021764394773,3346.4,3348.155,False,False,,,0
2025-08-12 23:55:00,OANDA:XAUUSD,3348.165,3348.475,3347.94,3348.105,198.0,3349.0126423609945,3346.815,3348.155,False,False,,,0
2025-08-13 00:00:00,OANDA:XAUUSD,3348.11,3348.64,3347.435,3348.145,430.0,3349.0040091036713,3346.82,3348.155,False,False,,,0
2025-08-13 00:05:00,OANDA:XAUUSD,3348.13,3348.235,3347.685,3347.995,322.0,3348.9939692120925,3347.715,3348.155,False,False,,,0
2025-08-13 00:10:00,OANDA:XAUUSD,3347.99,3349.535,3347.96,3349.445,294.0,3348.998457080629,3347.995,3349.445,False,False,,,0
2025-08-13 00:15:00,OANDA:XAUUSD,3349.455,3350.275,3349.45,3349.635,398.0,3349.004790841021,3347.995,3349.635,False,False,,,0
2025-08-13 00:20:00,OANDA:XAUUSD,3349.55,3349.575,3348.22,3348.435,202.0,3348.999121280414,3347.995,3349.635,False,False,,,0
2025-08-13 00:25:00,OANDA:XAUUSD,3348.385,3348.45,3347.56,3348.345,169.0,3348.992612610957,3347.995,3349.635,False,False,,,0
2025-08-13 01:30:00,OANDA:XAUUSD,3350.165,3350.165,3349.995,3349.995,6.0,3349.0025866148285,3348.345,3349.995,False,False,,,0
2025-08-13 01:35:00,OANDA:XAUUSD,3349.905,3350.64,3349.295,3350.315,176.0,3349.015645454482,3348.345,3350.315,False,False,,,0
2025-08-13 01:40:00,OANDA:XAUUSD,3350.355,3351.705,3349.995,3351.445,171.0,3349.039818136527,3348.345,3351.445,False,False,,,0
2025-08-13 01:45:00,OANDA:XAUUSD,3351.52,3353.875,3351.335,3352.295,383.0,3349.072208005816,3348.345,3352.295,True,False,3353.875,,0
2025-08-13 01:50:00,OANDA:XAUUSD,3352.325,3353.475,3352.3,3352.5,226.0,3349.1063153888426,3349.995,3352.5,False,False,,,0
2025-08-13 01:55:00,OANDA:XAUUSD,3352.485,3352.485,3351.22,3352.165,101.0,3349.1367500615906,3350.315,3352.5,False,False,,,0
2025-08-13 02:00:00,OANDA:XAUUSD,3352.14,3352.38,3351.465,3351.585,154.0,3349.1611107574954,3351.445,3352.5,False,False,,,0
2025-08-13 02:05:00,OANDA:XAUUSD,3351.515,3351.735,3350.905,3351.18,129.0,3349.1811992076696,3351.18,3352.5,False,False,,,0
2025-08-13 02:10:00,OANDA:XAUUSD,3351.165,3351.45,3350.375,3350.415,148.0,3349.193475832469,3350.415,3352.5,False,False,,,0
2025-08-13 02:15:00,OANDA:XAUUSD,3350.34,3351.435,3350.155,3351.375,148.0,3349.215182540604,3350.415,3352.165,False,False,,,0
2025-08-13 02:20:00,OANDA:XAUUSD,3351.36,3351.445,3350.345,3350.345,95.0,3349.2264245053743,3350.345,3351.585,False,False,,,0
2025-08-13 02:25:00,OANDA:XAUUSD,3350.27,3350.64,3350.02,3350.58,108.0,3349.2398929182564,3350.345,3351.375,False,False,,,0
2025-08-13 02:30:00,OANDA:XAUUSD,3350.565,3351.505,3350.54,3351.305,96.0,3349.260441247428,3350.345,3351.375,False,False,,,0
2025-08-13 02:35:00,OANDA:XAUUSD,3351.27,3351.39,3350.215,3351.055,93.0,3349.2782975534237,3350.345,3351.375,False,False,,,0
2025-08-13 02:40:00,OANDA:XAUUSD,3351.005,3351.84,3350.545,3351.355,206.0,3349.29896125936,3350.345,3351.355,False,False,,,0
2025-08-13 02:45:00,OANDA:XAUUSD,3351.33,3351.8,3351.105,3351.58,149.0,3349.3216581622523,3350.58,3351.58,False,False,,,0
2025-08-13 02:50:00,OANDA:XAUUSD,3351.6,3352.025,3351.445,3352.025,55.0,3349.348557086011,3351.055,3352.025,False,False,,,0
2025-08-13 02:55:00,OANDA:XAUUSD,3352.07,3352.095,3351.205,3351.52,183.0,3349.3701634831655,3351.055,3352.025,False,False,,,0
2025-08-13 03:00:00,OANDA:XAUUSD,3351.625,3352.115,3350.865,3351.095,261.0,3349.3873260355717,3351.095,3352.025,False,False,,,0
2025-08-13 03:05:00,OANDA:XAUUSD,3351.07,3352.11,3350.99,3352.11,276.0,3349.4144173188,3351.095,3352.11,False,False,,,0
2025-08-13 03:10:00,OANDA:XAUUSD,3352.095,3352.145,3351.08,3351.525,230.0,3349.4354181414988,3351.095,3352.11,True,False,3352.145,,0
2025-08-13 03:15:00,OANDA:XAUUSD,3351.485,3351.505,3349.785,3350.845,274.0,3349.4494438316333,3350.845,3352.11,False,False,,,0
2025-08-13 03:20:00,OANDA:XAUUSD,3350.835,3351.35,3350.495,3350.595,324.0,3349.4608424004728,3350.595,3352.11,False,False,,,0
2025-08-13 03:25:00,OANDA:XAUUSD,3350.59,3351.035,3350.42,3350.66,512.0,3349.472774316886,3350.595,3352.11,False,False,,,0
2025-08-13 03:30:00,OANDA:XAUUSD,3350.645,3350.86,3348.825,3349.485,1116.0,3349.4728959654744,3349.485,3351.525,False,False,,,0
2025-08-13 03:35:00,OANDA:XAUUSD,3349.495,3349.66,3346.92,3347.21,920.0,3349.4503795877085,3347.21,3350.845,False,False,,,0
2025-08-13 03:40:00,OANDA:XAUUSD,3347.195,3348.375,3346.205,3347.955,1043.0,3349.435500188826,3347.21,3350.66,False,False,,,0
2025-08-13 03:45:00,OANDA:XAUUSD,3347.99,3348.0,3345.135,3346.15,1309.0,3349.4028086446588,3346.15,3350.66,False,False,,,0
2025-08-13 03:50:00,OANDA:XAUUSD,3346.145,3346.46,3344.03,3344.125,1055.0,3349.350293135757,3344.125,3349.485,False,False,,,0
2025-08-13 03:55:00,OANDA:XAUUSD,3344.075,3346.72,3343.795,3346.72,786.0,3349.3241210647548,3344.125,3347.955,False,False,,,0
2025-08-13 04:00:00,OANDA:XAUUSD,3346.715,3347.115,3344.595,3346.6,1437.0,3349.2970153825186,3344.125,3347.955,False,False,,,0
2025-08-13 04:05:00,OANDA:XAUUSD,3346.595,3346.725,3345.19,3345.56,657.0,3349.259831149857,3344.125,3346.72,False,False,,,0
2025-08-13 04:10:00,OANDA:XAUUSD,3345.545,3345.8,3344.81,3345.425,825.0,3349.221673625978,3344.125,3346.72,False,False,,,0
2025-08-13 04:15:00,OANDA:XAUUSD,3345.42,3345.955,3344.29,3344.31,1177.0,3349.17280125159,3344.31,3346.72,False,False,,,0
2025-08-13 04:20:00,OANDA:XAUUSD,3344.28,3344.48,3342.635,3344.325,1717.0,3349.1245644232163,3344.31,3346.6,False,True,,3342.635,0
2025-08-13 04:25:00,OANDA:XAUUSD,3344.32,3344.32,3343.255,3343.625,998.0,3349.0698423891545,3343.625,3345.56,False,False,,,0
2025-08-13 04:30:00,OANDA:XAUUSD,3343.64,3346.415,3343.26,3346.21,1754.0,3349.041386245979,3343.625,3346.21,False,False,,,0
2025-08-13 04:35:00,OANDA:XAUUSD,3346.215,3348.16,3345.03,3347.135,1544.0,3349.022417228606,3343.625,3347.135,False,False,,,0
2025-08-13 04:40:00,OANDA:XAUUSD,3347.14,3348.82,3346.515,3348.605,1197.0,3349.0182638233464,3343.625,3348.605,False,False,,,0
2025-08-13 04:45:00,OANDA:XAUUSD,3348.53,3349.37,3347.445,3347.445,762.0,3349.0026094569453,3343.625,3348.605,False,False,,,0
2025-08-13 04:50:00,OANDA:XAUUSD,3347.365,3347.485,3342.695,3343.53,1472.0,3348.948155631503,3343.53,3348.605,False,False,,,0
2025-08-13 04:55:00,OANDA:XAUUSD,3343.495,3346.185,3343.285,3345.935,1404.0,3348.9181739834285,3343.53,3348.605,False,False,,,0
2025-08-13 05:00:00,OANDA:XAUUSD,3345.915,3347.92,3345.58,3347.615,1464.0,3348.905207078121,3343.53,3348.605,False,False,,,0
2025-08-13 05:05:00,OANDA:XAUUSD,3347.605,3349.985,3347.04,3349.605,1383.0,3348.9121701917716,3343.53,3349.605,False,False,,,0
2025-08-13 05:10:00,OANDA:XAUUSD,3349.59,3350.075,3348.745,3349.785,1143.0,3348.9208550654853,3343.53,3349.785,False,False,,,0
2025-08-13 05:15:00,OANDA:XAUUSD,3349.735,3352.085,3349.345,3350.13,1052.0,3348.932886358366,3345.935,3350.13,False,False,,,0
2025-08-13 05:20:00,OANDA:XAUUSD,3350.18,3351.105,3349.725,3350.35,1141.0,3348.946986991616,3347.615,3350.35,False,False,,,0
2025-08-13 05:25:00,OANDA:XAUUSD,3350.335,3351.74,3349.915,3350.97,1356.0,3348.9671164742867,3349.605,3350.97,False,False,,,0
2025-08-13 05:30:00,OANDA:XAUUSD,3350.99,3351.745,3347.915,3348.005,1821.0,3348.9575431760354,3348.005,3350.97,False,False,,,0
2025-08-13 05:35:00,OANDA:XAUUSD,3348.025,3348.695,3346.775,3346.92,1037.0,3348.9372691145827,3346.92,3350.97,False,False,,,0
2025-08-13 05:40:00,OANDA:XAUUSD,3346.97,3348.05,3346.675,3346.935,932.0,3348.917346038816,3346.92,3350.97,False,False,,,0
2025-08-13 05:45:00,OANDA:XAUUSD,3346.94,3350.48,3346.765,3349.44,1072.0,3348.9225465757436,3346.92,3350.97,False,False,,,0
2025-08-13 05:50:00,OANDA:XAUUSD,3349.375,3351.75,3349.185,3350.215,691.0,3348.935406808821,3346.92,3350.215,False,False,,,0
2025-08-13 05:55:00,OANDA:XAUUSD,3350.21,3352.185,3350.135,3352.035,914.0,3348.9662485321164,3346.92,3352.035,False,False,,,0
2025-08-13 06:00:00,OANDA:XAUUSD,3352.105,3352.305,3349.53,3350.475,1123.0,3348.9812609845335,3346.935,3352.035,False,False,,,0
2025-08-13 06:05:00,OANDA:XAUUSD,3350.49,3352.745,3350.39,3352.685,1176.0,3349.0181141090657,3349.44,3352.685,False,False,,,0
2025-08-13 06:10:00,OANDA:XAUUSD,3352.68,3353.445,3351.95,3353.13,1162.0,3349.059028396538,3350.215,3353.13,False,False,,,0
2025-08-13 06:15:00,OANDA:XAUUSD,3353.1,3354.435,3352.56,3353.21,1286.0,3349.1003315965727,3350.475,3353.21,False,False,,,0
2025-08-13 06:20:00,OANDA:XAUUSD,3353.225,3354.505,3353.22,3353.645,997.0,3349.1455521777016,3350.475,3353.645,True,False,3354.505,,0
2025-08-13 06:25:00,OANDA:XAUUSD,3353.635,3353.65,3351.34,3351.905,1031.0,3349.1730093699634,3351.905,3353.645,False,False,,,0
2025-08-13 06:30:00,OANDA:XAUUSD,3351.915,3352.03,3349.69,3349.925,1143.0,3349.180491863795,3349.925,3353.645,False,False,,,0
2025-08-13 06:35:00,OANDA:XAUUSD,3349.9,3351.745,3349.84,3350.995,697.0,3349.1985466711203,3349.925,3353.645,False,False,,,0
2025-08-13 06:40:00,OANDA:XAUUSD,3351.09,3352.125,3351.05,3351.09,337.0,3349.217367102254,3349.925,3353.645,False,False,,,0
2025-08-13 06:45:00,OANDA:XAUUSD,3351.065,3351.235,3348.63,3351.1,1010.0,3349.236099767903,3349.925,3351.905,False,False,,,0
2025-08-13 06:50:00,OANDA:XAUUSD,3351.095,3352.26,3350.825,3352.04,1027.0,3349.2639992727,3349.925,3352.04,False,False,,,0
2025-08-13 06:55:00,OANDA:XAUUSD,3352.0,3353.06,3351.18,3351.35,1011.0,3349.2847554988425,3350.995,3352.04,False,False,,,0
2025-08-13 07:00:00,OANDA:XAUUSD,3351.345,3351.345,3349.47,3350.15,784.0,3349.293364896864,3350.15,3352.04,False,False,,,0
2025-08-13 07:05:00,OANDA:XAUUSD,3350.155,3351.275,3349.905,3350.935,222.0,3349.3096995745077,3350.15,3352.04,False,False,,,0
2025-08-13 07:10:00,OANDA:XAUUSD,3350.94,3351.63,3350.655,3351.24,213.0,3349.3289065439158,3350.15,3352.04,False,False,,,0
2025-08-13 07:15:00,OANDA:XAUUSD,3351.235,3351.485,3349.94,3350.235,418.0,3349.3379223992,3350.15,3351.35,False,False,,,0
2025-08-13 07:20:00,OANDA:XAUUSD,3350.23,3350.55,3349.735,3350.36,738.0,3349.3480923255765,3350.15,3351.24,False,False,,,0
2025-08-13 07:25:00,OANDA:XAUUSD,3350.345,3350.45,3349.385,3349.72,461.0,3349.3517928994515,3349.72,3351.24,False,False,,,0
2025-08-13 07:30:00,OANDA:XAUUSD,3349.705,3350.62,3348.29,3350.505,801.0,3349.3632675969698,3349.72,3351.24,False,True,,3348.29,0
2025-08-13 07:35:00,OANDA:XAUUSD,3350.565,3351.19,3349.38,3349.44,207.0,3349.364031103468,3349.44,3350.505,False,False,,,0
2025-08-13 07:40:00,OANDA:XAUUSD,3349.52,3352.415,3349.52,3351.775,748.0,3349.388020843732,3349.44,3351.775,False,False,,,0
2025-08-13 07:45:00,OANDA:XAUUSD,3351.83,3352.38,3350.955,3351.165,372.0,3349.405702228372,3349.44,3351.775,False,False,,,0
2025-08-13 07:50:00,OANDA:XAUUSD,3351.1,3351.23,3350.765,3350.995,243.0,3349.4215161365473,3349.44,3351.775,False,False,,,0
2025-08-13 07:55:00,OANDA:XAUUSD,3350.985,3351.035,3350.175,3350.725,196.0,3349.4344861252384,3349.44,3351.775,False,False,,,0
2025-08-13 08:00:00,OANDA:XAUUSD,3350.665,3350.7,3349.375,3350.325,212.0,3349.4433469598134,3350.325,3351.775,False,False,,,0
2025-08-13 08:05:00,OANDA:XAUUSD,3350.28,3350.79,3350.055,3350.65,280.0,3349.455353457726,3350.325,3351.165,False,False,,,0
2025-08-13 08:10:00,OANDA:XAUUSD,3350.655,3351.015,3350.36,3350.42,123.0,3349.464951930783,3350.325,3350.995,False,False,,,0
2025-08-13 08:15:00,OANDA:XAUUSD,3350.41,3350.695,3349.965,3350.335,117.0,3349.4736091255018,3350.325,3350.725,False,False,,,0
2025-08-13 08:20:00,OANDA:XAUUSD,3350.385,3351.455,3350.265,3351.4,519.0,3349.4927771939047,3350.325,3351.4,False,False,,,0
2025-08-13 08:25:00,OANDA:XAUUSD,3351.41,3351.885,3351.225,3351.82,308.0,3349.5159336397364,3350.335,3351.82,False,False,,,0
2025-08-13 08:30:00,OANDA:XAUUSD,3351.805,3352.175,3351.38,3351.575,403.0,3349.5364218622267,3350.335,3351.82,False,False,,,0
2025-08-13 08:35:00,OANDA:XAUUSD,3351.575,3351.67,3350.625,3350.645,312.0,3349.5474524904635,3350.335,3351.82,False,False,,,0
2025-08-13 08:40:00,OANDA:XAUUSD,3350.635,3350.755,3348.5,3350.32,912.0,3349.5551395303596,3350.32,3351.82,False,False,,,0
2025-08-13 08:45:00,OANDA:XAUUSD,3350.315,3350.815,3349.19,3349.9,649.0,3349.558570977819,3349.9,3351.82,False,False,,,0
2025-08-13 08:50:00,OANDA:XAUUSD,3349.875,3350.39,3349.475,3350.015,327.0,3349.5631125601294,3349.9,3351.575,False,False,,,0
2025-08-13 08:55:00,OANDA:XAUUSD,3349.995,3351.38,3349.535,3351.1,477.0,3349.5784049724666,3349.9,3351.1,False,False,,,0
2025-08-13 09:00:00,OANDA:XAUUSD,3351.11,3351.345,3347.8,3348.965,1592.0,3349.5723014404025,3348.965,3351.1,False,False,,,0
2025-08-13 09:05:00,OANDA:XAUUSD,3348.84,3349.08,3347.185,3347.4,2160.0,3349.5506865006973,3347.4,3351.1,False,False,,,0
2025-08-13 09:10:00,OANDA:XAUUSD,3347.405,3348.075,3345.88,3346.04,1586.0,3349.5157542967104,3346.04,3351.1,False,False,,,0
2025-08-13 09:15:00,OANDA:XAUUSD,3346.045,3348.16,3345.57,3346.705,1245.0,3349.487786592266,3346.04,3351.1,False,True,,3345.57,0
2025-08-13 09:20:00,OANDA:XAUUSD,3346.7,3349.285,3346.7,3349.2,1267.0,3349.484923044084,3346.04,3349.2,False,False,,,0
2025-08-13 09:25:00,OANDA:XAUUSD,3349.195,3349.545,3348.53,3349.29,916.0,3349.4829835113073,3346.04,3349.29,False,False,,,0
2025-08-13 09:30:00,OANDA:XAUUSD,3349.28,3351.96,3348.945,3351.565,737.0,3349.5037000932844,3346.04,3351.565,False,False,,,0
2025-08-13 09:35:00,OANDA:XAUUSD,3351.905,3353.875,3351.905,3352.615,1320.0,3349.5346583013115,3346.705,3352.615,False,False,,,0
2025-08-13 09:40:00,OANDA:XAUUSD,3352.6,3354.08,3352.185,3353.59,990.0,3349.575009960005,3349.2,3353.59,False,False,,,0
2025-08-13 09:45:00,OANDA:XAUUSD,3353.635,3355.915,3353.635,3355.01,1461.0,3349.6290894628905,3349.29,3355.01,False,False,,,0
2025-08-13 09:50:00,OANDA:XAUUSD,3355.005,3356.605,3354.905,3356.265,1802.0,3349.695118423459,3351.565,3356.265,False,False,,,0
2025-08-13 09:55:00,OANDA:XAUUSD,3356.275,3356.66,3354.9,3355.175,1865.0,3349.7496446083005,3352.615,3356.265,False,False,,,0
2025-08-13 10:00:00,OANDA:XAUUSD,3355.185,3355.955,3354.005,3354.12,1825.0,3349.793130731601,3353.59,3356.265,False,False,,,0
2025-08-13 10:05:00,OANDA:XAUUSD,3354.14,3356.455,3353.645,3356.285,2066.0,3349.857726445715,3354.12,3356.285,False,False,,,0
2025-08-13 10:10:00,OANDA:XAUUSD,3356.295,3356.585,3354.555,3354.89,1476.0,3349.9077988193894,3354.12,3356.285,False,False,,,0
2025-08-13 10:15:00,OANDA:XAUUSD,3354.9,3357.28,3354.89,3355.635,1416.0,3349.9647858958137,3354.12,3356.285,False,False,,,0
2025-08-13 10:20:00,OANDA:XAUUSD,3355.61,3356.61,3354.89,3355.875,902.0,3350.023593996353,3354.12,3356.285,False,False,,,0
2025-08-13 10:25:00,OANDA:XAUUSD,3355.87,3357.78,3355.685,3357.35,2102.0,3350.0964935585785,3354.89,3357.35,False,False,,,0
2025-08-13 10:30:00,OANDA:XAUUSD,3357.345,3357.785,3354.81,3355.455,1307.0,3350.1498120306323,3354.89,3357.35,False,False,,,0
2025-08-13 10:35:00,OANDA:XAUUSD,3355.51,3356.705,3354.06,3356.46,1432.0,3350.2125999706263,3355.455,3357.35,False,False,,,0
2025-08-13 10:40:00,OANDA:XAUUSD,3356.455,3359.435,3356.305,3358.255,2098.0,3350.2926238515156,3355.455,3358.255,False,False,,,0
2025-08-13 10:45:00,OANDA:XAUUSD,3358.26,3358.78,3356.32,3358.735,1328.0,3350.3766275942867,3355.455,3358.735,False,False,,,0
2025-08-13 10:50:00,OANDA:XAUUSD,3358.74,3360.4,3357.995,3360.395,1263.0,3350.476312891856,3355.455,3360.395,False,False,,,0
2025-08-13 10:55:00,OANDA:XAUUSD,3360.385,3360.91,3359.125,3359.24,1461.0,3350.563513758604,3356.46,3360.395,False,False,,,0
2025-08-13 11:00:00,OANDA:XAUUSD,3359.12,3360.985,3358.715,3360.365,1416.0,3350.6610409848868,3358.255,3360.395,True,False,3360.985,,0
2025-08-13 11:05:00,OANDA:XAUUSD,3360.34,3360.34,3358.575,3360.035,947.0,3350.754314208918,3358.735,3360.395,False,False,,,0
2025-08-13 11:10:00,OANDA:XAUUSD,3360.025,3360.17,3356.545,3357.005,1078.0,3350.816510087436,3357.005,3360.395,False,False,,,0
2025-08-13 11:15:00,OANDA:XAUUSD,3356.93,3357.67,3356.17,3357.585,1101.0,3350.88385824577,3357.005,3360.365,False,False,,,0
2025-08-13 11:20:00,OANDA:XAUUSD,3357.57,3358.855,3355.355,3355.36,1161.0,3350.928396969693,3355.36,3360.365,False,False,,,0
2025-08-13 11:25:00,OANDA:XAUUSD,3355.35,3356.42,3354.355,3354.74,1289.0,3350.966323368005,3354.74,3360.035,False,False,,,0
2025-08-13 11:30:00,OANDA:XAUUSD,3354.71,3355.675,3352.915,3353.1,1345.0,3350.9875539812588,3353.1,3357.585,False,True,,3352.915,0
2025-08-13 11:35:00,OANDA:XAUUSD,3353.07,3355.865,3353.07,3354.05,1770.0,3351.018026080948,3353.1,3357.585,False,False,,,0
2025-08-13 11:40:00,OANDA:XAUUSD,3354.055,3354.56,3353.105,3353.9,1555.0,3351.0467024383515,3353.1,3355.36,False,False,,,0
2025-08-13 11:45:00,OANDA:XAUUSD,3353.895,3355.87,3352.98,3354.06,1907.0,3351.0766854986664,3353.1,3354.74,False,False,,,0
2025-08-13 11:50:00,OANDA:XAUUSD,3354.21,3354.79,3353.09,3354.365,1130.0,3351.1094050459433,3353.1,3354.365,False,False,,,0
2025-08-13 11:55:00,OANDA:XAUUSD,3354.37,3354.765,3353.74,3354.055,977.0,3351.1387144484715,3353.9,3354.365,False,False,,,0
2025-08-13 12:00:00,OANDA:XAUUSD,3354.04,3357.745,3353.805,3357.55,946.0,3351.2025083345566,3353.9,3357.55,False,False,,,0
2025-08-13 12:05:00,OANDA:XAUUSD,3357.555,3359.615,3356.94,3359.595,1055.0,3351.2860157143123,3354.055,3359.595,False,False,,,0
2025-08-13 12:10:00,OANDA:XAUUSD,3359.61,3360.415,3359.12,3360.13,1344.0,3351.374015557951,3354.055,3360.13,False,False,,,0
2025-08-13 12:15:00,OANDA:XAUUSD,3360.135,3363.615,3360.13,3362.47,1252.0,3351.484423363345,3354.055,3362.47,False,False,,,0
2025-08-13 12:20:00,OANDA:XAUUSD,3362.335,3362.83,3359.875,3359.895,871.0,3351.568110693063,3357.55,3362.47,False,False,,,0
2025-08-13 12:25:00,OANDA:XAUUSD,3360.03,3361.895,3358.705,3360.38,1432.0,3351.6557911836794,3359.595,3362.47,False,False,,,0
2025-08-13 12:30:00,OANDA:XAUUSD,3360.43,3361.105,3359.605,3360.03,1026.0,3351.7391166445386,3359.895,3362.47,False,False,,,0
2025-08-13 12:35:00,OANDA:XAUUSD,3360.08,3360.805,3359.6,3359.6,945.0,3351.817334389369,3359.6,3362.47,False,False,,,0
2025-08-13 12:40:00,OANDA:XAUUSD,3359.56,3359.63,3358.69,3359.35,1331.0,3351.892286285992,3359.35,3360.38,False,False,,,0
2025-08-13 12:45:00,OANDA:XAUUSD,3359.345,3361.035,3358.865,3360.785,847.0,3351.9807709995644,3359.35,3360.785,False,False,,,0
2025-08-13 12:50:00,OANDA:XAUUSD,3360.76,3361.87,3360.695,3361.825,525.0,3352.078723526932,3359.35,3361.825,False,False,,,0
2025-08-13 12:55:00,OANDA:XAUUSD,3361.835,3363.52,3361.735,3362.285,1124.0,3352.180278516714,3359.35,3362.285,False,False,,,0
2025-08-13 13:00:00,OANDA:XAUUSD,3362.24,3363.62,3361.91,3363.475,1820.0,3352.2926638051053,3359.35,3363.475,False,False,,,0
2025-08-13 13:05:00,OANDA:XAUUSD,3363.505,3364.11,3362.695,3363.485,1644.0,3352.404030334408,3360.785,3363.485,False,False,,,0
2025-08-13 13:10:00,OANDA:XAUUSD,3363.49,3366.28,3362.93,3365.355,2082.0,3352.532895704215,3361.825,3365.355,False,False,,,0
2025-08-13 13:15:00,OANDA:XAUUSD,3365.295,3365.415,3363.985,3365.185,1199.0,3352.6587872892483,3362.285,3365.355,False,False,,,0
2025-08-13 13:20:00,OANDA:XAUUSD,3365.195,3366.805,3364.55,3364.91,1603.0,3352.7806899032857,3363.475,3365.355,True,False,3366.805,,0
2025-08-13 13:25:00,OANDA:XAUUSD,3364.925,3366.32,3364.14,3364.8,1117.0,3352.9002850286265,3363.485,3365.355,False,False,,,0
2025-08-13 13:30:00,OANDA:XAUUSD,3364.735,3366.355,3364.64,3364.845,1184.0,3353.019137913914,3364.8,3365.355,False,False,,,0
2025-08-13 13:35:00,OANDA:XAUUSD,3364.84,3365.795,3363.975,3363.98,911.0,3353.1282012182533,3363.98,3365.185,False,False,,,0
2025-08-13 13:40:00,OANDA:XAUUSD,3364.03,3364.87,3363.16,3364.015,799.0,3353.236527574291,3363.98,3364.91,False,False,,,0
2025-08-13 13:45:00,OANDA:XAUUSD,3364.05,3366.03,3364.04,3365.975,879.0,3353.363278543701,3363.98,3365.975,False,False,,,0
2025-08-13 13:50:00,OANDA:XAUUSD,3365.96,3366.06,3363.82,3363.82,477.0,3353.467325523366,3363.82,3365.975,False,False,,,0
2025-08-13 13:55:00,OANDA:XAUUSD,3363.77,3364.665,3363.74,3364.18,405.0,3353.5739192992532,3363.82,3365.975,False,False,,,0
2025-08-13 14:00:00,OANDA:XAUUSD,3364.45,3366.13,3364.45,3365.92,641.0,3353.69676587339,3363.82,3365.975,False,False,,,0
2025-08-13 14:05:00,OANDA:XAUUSD,3365.94,3366.69,3365.49,3366.315,1293.0,3353.822320441814,3363.82,3366.315,False,False,,,0
2025-08-13 14:10:00,OANDA:XAUUSD,3366.325,3366.78,3365.49,3365.65,1062.0,3353.940008795627,3363.82,3366.315,False,False,,,0
2025-08-13 14:15:00,OANDA:XAUUSD,3365.655,3366.565,3363.84,3366.41,1625.0,3354.064088310098,3364.18,3366.41,False,False,,,0
2025-08-13 14:20:00,OANDA:XAUUSD,3366.415,3367.095,3365.72,3366.285,652.0,3354.1856894214407,3365.65,3366.41,True,False,3367.095,,0
2025-08-13 14:25:00,OANDA:XAUUSD,3366.28,3366.735,3365.65,3366.18,476.0,3354.3050357953566,3365.65,3366.41,False,False,,,0
2025-08-13 14:30:00,OANDA:XAUUSD,3366.175,3367.09,3364.305,3364.315,787.0,3354.404637429234,3364.315,3366.41,False,False,,,0
2025-08-13 14:35:00,OANDA:XAUUSD,3364.305,3364.955,3362.62,3362.92,1178.0,3354.4893674050627,3362.92,3366.41,False,False,,,0
2025-08-13 14:40:00,OANDA:XAUUSD,3362.87,3363.67,3361.175,3362.815,2026.0,3354.5722095204355,3362.815,3366.285,False,False,,,0
2025-08-13 14:45:00,OANDA:XAUUSD,3362.825,3363.175,3361.825,3362.185,1864.0,3354.647958679436,3362.185,3366.18,False,False,,,0
2025-08-13 14:50:00,OANDA:XAUUSD,3362.175,3363.145,3359.925,3361.105,1966.0,3354.712207846805,3361.105,3364.315,False,False,,,0
2025-08-13 14:55:00,OANDA:XAUUSD,3361.13,3361.17,3359.545,3360.235,1912.0,3354.7671610025586,3360.235,3362.92,False,False,,,0
2025-08-13 15:00:00,OANDA:XAUUSD,3360.26,3362.335,3359.305,3359.81,1856.0,3354.817338505021,3359.81,3362.815,False,False,,,0
2025-08-13 15:05:00,OANDA:XAUUSD,3359.79,3360.63,3359.26,3359.695,1595.0,3354.8658724502448,3359.695,3362.185,False,False,,,0
2025-08-13 15:10:00,OANDA:XAUUSD,3359.7,3360.865,3359.13,3359.185,2054.0,3354.9088488437746,3359.185,3361.105,False,False,,,0
2025-08-13 15:15:00,OANDA:XAUUSD,3359.175,3361.365,3358.925,3359.85,1394.0,3354.9580145269215,3359.185,3360.235,False,False,,,0
2025-08-13 15:20:00,OANDA:XAUUSD,3359.845,3360.9,3359.14,3360.48,1242.0,3355.012959656007,3359.185,3360.48,False,False,,,0
2025-08-13 15:25:00,OANDA:XAUUSD,3360.485,3362.52,3360.01,3362.42,1579.0,3355.086661549977,3359.185,3362.42,False,False,,,0
2025-08-13 15:30:00,OANDA:XAUUSD,3362.435,3363.9,3361.42,3361.74,1848.0,3355.1528639226144,3359.185,3362.42,True,False,3363.9,,0
2025-08-13 15:35:00,OANDA:XAUUSD,3361.715,3361.74,3356.52,3357.105,1966.0,3355.1722881621904,3357.105,3362.42,False,False,,,0
2025-08-13 15:40:00,OANDA:XAUUSD,3357.155,3358.39,3356.485,3357.375,1808.0,3355.194205692915,3357.105,3362.42,False,False,,,0
2025-08-13 15:45:00,OANDA:XAUUSD,3357.37,3359.105,3356.495,3359.02,2123.0,3355.232273297961,3357.105,3362.42,False,False,,,0
2025-08-13 15:50:00,OANDA:XAUUSD,3359.04,3362.005,3358.485,3361.035,2384.0,3355.290011872111,3357.105,3361.74,False,False,,,0
2025-08-13 15:55:00,OANDA:XAUUSD,3361.025,3361.26,3358.025,3358.75,2244.0,3355.324439614677,3357.105,3361.035,False,False,,,0
2025-08-13 16:00:00,OANDA:XAUUSD,3358.765,3359.455,3355.545,3358.685,2762.0,3355.3578780264716,3357.375,3361.035,False,False,,,0
2025-08-13 16:05:00,OANDA:XAUUSD,3358.69,3360.06,3357.975,3359.115,1629.0,3355.395262324716,3358.685,3361.035,False,False,,,0
2025-08-13 16:10:00,OANDA:XAUUSD,3359.11,3359.825,3357.215,3358.51,1902.0,3355.4262547393955,3358.51,3361.035,False,False,,,0
2025-08-13 16:15:00,OANDA:XAUUSD,3358.52,3361.035,3358.02,3360.47,1826.0,3355.476441259402,3358.51,3360.47,False,False,,,0
2025-08-13 16:20:00,OANDA:XAUUSD,3360.45,3360.45,3357.445,3357.995,2630.0,3355.5015015453782,3357.995,3360.47,False,False,,,0
2025-08-13 16:25:00,OANDA:XAUUSD,3358.0,3359.09,3357.49,3358.125,2092.0,3355.5276060076135,3357.995,3360.47,False,False,,,0
2025-08-13 16:30:00,OANDA:XAUUSD,3358.095,3358.285,3354.845,3355.24,3478.0,3355.524744256294,3355.24,3360.47,False,False,,,0
2025-08-13 16:35:00,OANDA:XAUUSD,3355.305,3357.38,3354.555,3354.655,2182.0,3355.51609008459,3354.655,3360.47,False,False,,,0
2025-08-13 16:40:00,OANDA:XAUUSD,3354.685,3358.02,3354.45,3357.59,2270.0,3355.536726004146,3354.655,3358.125,False,False,,,0
2025-08-13 16:45:00,OANDA:XAUUSD,3357.595,3358.43,3354.645,3355.84,1893.0,3355.5397436558465,3354.655,3358.125,False,False,,,0
2025-08-13 16:50:00,OANDA:XAUUSD,3355.85,3357.63,3354.16,3356.54,1928.0,3355.549696455291,3354.655,3357.59,False,True,,3354.16,0
2025-08-13 16:55:00,OANDA:XAUUSD,3356.535,3357.685,3355.375,3357.31,1455.0,3355.5672119134474,3354.655,3357.59,False,False,,,0
2025-08-13 17:00:00,OANDA:XAUUSD,3357.295,3358.695,3356.415,3357.335,3002.0,3355.5848018446572,3355.84,3357.59,False,False,,,0
2025-08-13 17:05:00,OANDA:XAUUSD,3357.34,3362.56,3357.2,3361.715,2770.0,3355.645798841228,3355.84,3361.715,False,False,,,0
2025-08-13 17:10:00,OANDA:XAUUSD,3361.71,3362.475,3359.62,3362.415,2423.0,3355.713154076639,3356.54,3362.415,False,False,,,0
2025-08-13 17:15:00,OANDA:XAUUSD,3362.56,3364.34,3360.21,3361.97,2363.0,3355.775411250006,3357.31,3362.415,False,False,,,0
2025-08-13 17:20:00,OANDA:XAUUSD,3361.95,3365.95,3361.925,3365.25,2804.0,3355.8696857649315,3357.335,3365.25,False,False,,,0
2025-08-13 17:25:00,OANDA:XAUUSD,3365.305,3365.845,3364.195,3365.175,3054.0,3355.9622759563254,3361.715,3365.25,False,False,,,0
2025-08-13 17:30:00,OANDA:XAUUSD,3365.185,3368.545,3363.24,3366.255,3561.0,3356.064691120939,3361.97,3366.255,False,False,,,0
2025-08-13 17:35:00,OANDA:XAUUSD,3366.25,3370.825,3364.765,3368.74,3583.0,3356.190813597348,3361.97,3368.74,True,False,3370.825,,0
2025-08-13 17:40:00,OANDA:XAUUSD,3368.765,3369.37,3366.145,3366.9,2710.0,3356.297372666031,3365.175,3368.74,False,False,,,0
2025-08-13 17:45:00,OANDA:XAUUSD,3366.89,3367.535,3363.9,3366.0,2640.0,3356.3939162215934,3365.175,3368.74,False,False,,,0
2025-08-13 17:50:00,OANDA:XAUUSD,3365.985,3367.22,3364.385,3364.64,1953.0,3356.4759668064535,3364.64,3368.74,False,False,,,0
2025-08-13 17:55:00,OANDA:XAUUSD,3364.605,3366.565,3363.415,3365.035,2149.0,3356.561131315842,3364.64,3368.74,False,False,,,0
2025-08-13 18:00:00,OANDA:XAUUSD,3364.97,3366.335,3363.98,3366.33,2268.0,3356.6583339893164,3364.64,3366.9,False,False,,,0
2025-08-13 18:05:00,OANDA:XAUUSD,3366.3,3366.645,3364.69,3365.985,1971.0,3356.751136636189,3364.64,3366.33,False,False,,,0
2025-08-13 18:10:00,OANDA:XAUUSD,3365.99,3366.34,3363.26,3364.095,2045.0,3356.824209903491,3364.095,3366.33,False,False,,,0
2025-08-13 18:15:00,OANDA:XAUUSD,3364.1,3364.275,3361.2,3362.91,1902.0,3356.8847650288294,3362.91,3366.33,False,False,,,0
2025-08-13 18:20:00,OANDA:XAUUSD,3362.925,3363.685,3361.625,3361.985,1617.0,3356.935513635508,3361.985,3366.33,False,False,,,0
2025-08-13 18:25:00,OANDA:XAUUSD,3362.04,3363.225,3361.12,3363.185,1531.0,3356.9976975794334,3361.985,3365.985,False,False,,,0
2025-08-13 18:30:00,OANDA:XAUUSD,3363.22,3363.865,3360.205,3361.14,1537.0,3357.0389145189415,3361.14,3364.095,False,False,,,0
2025-08-13 18:35:00,OANDA:XAUUSD,3361.205,3362.5,3359.145,3360.325,1435.0,3357.0716118869123,3360.325,3363.185,False,False,,,0
2025-08-13 18:40:00,OANDA:XAUUSD,3360.235,3360.95,3358.01,3358.435,2154.0,3357.085177937789,3358.435,3363.185,False,False,,,0
2025-08-13 18:45:00,OANDA:XAUUSD,3358.45,3358.51,3356.005,3356.91,2613.0,3357.0834348737317,3356.91,3363.185,False,False,,,0
2025-08-13 18:50:00,OANDA:XAUUSD,3356.905,3358.265,3355.62,3357.38,2736.0,3357.086385770511,3356.91,3361.14,False,False,,,0
2025-08-13 18:55:00,OANDA:XAUUSD,3357.465,3357.525,3355.905,3355.94,2276.0,3357.0749789469237,3355.94,3360.325,False,False,,,0
2025-08-13 19:00:00,OANDA:XAUUSD,3355.98,3357.41,3354.495,3355.51,2177.0,3357.0594070171037,3355.51,3358.435,False,True,,3354.495,0
2025-08-13 19:05:00,OANDA:XAUUSD,3355.495,3356.695,3355.12,3355.655,2361.0,3357.0454328179285,3355.51,3357.38,False,False,,,0
2025-08-13 19:10:00,OANDA:XAUUSD,3355.65,3356.61,3354.91,3355.405,1307.0,3357.029110103322,3355.405,3357.38,False,False,,,0
2025-08-13 19:15:00,OANDA:XAUUSD,3355.415,3357.135,3355.105,3357.1,1881.0,3357.0298154754287,3355.405,3357.1,False,False,,,0
2025-08-13 19:20:00,OANDA:XAUUSD,3357.095,3357.425,3356.175,3356.655,1089.0,3357.0260859682107,3355.405,3357.1,False,False,,,0
2025-08-13 19:25:00,OANDA:XAUUSD,3356.66,3357.805,3356.65,3357.795,732.0,3357.0337368540995,3355.405,3357.795,False,False,,,0
2025-08-13 19:30:00,OANDA:XAUUSD,3357.81,3358.315,3357.39,3357.505,1727.0,3357.038426039631,3355.405,3357.795,False,False,,,0
2025-08-13 19:35:00,OANDA:XAUUSD,3357.47,3358.3,3357.23,3357.905,1386.0,3357.0470486661025,3356.655,3357.905,False,False,,,0
2025-08-13 19:40:00,OANDA:XAUUSD,3357.955,3359.595,3357.955,3359.225,1508.0,3357.0687198236537,3356.655,3359.225,False,False,,,0
2025-08-13 19:45:00,OANDA:XAUUSD,3359.24,3360.35,3358.925,3359.785,1424.0,3357.0957474871,3357.505,3359.785,False,False,,,0
2025-08-13 19:50:00,OANDA:XAUUSD,3359.78,3360.405,3359.015,3359.85,1253.0,3357.123152984741,3357.505,3359.85,False,False,,,0
2025-08-13 19:55:00,OANDA:XAUUSD,3359.855,3360.47,3359.385,3359.66,1301.0,3357.148395243599,3357.905,3359.85,False,False,,,0
2025-08-13 20:00:00,OANDA:XAUUSD,3359.68,3360.94,3359.575,3360.495,1218.0,3357.1816947934144,3359.225,3360.495,True,False,3360.94,,0
2025-08-13 20:05:00,OANDA:XAUUSD,3360.48,3360.735,3357.875,3357.875,1283.0,3357.188593352684,3357.875,3360.495,False,False,,,0
2025-08-13 20:10:00,OANDA:XAUUSD,3357.89,3358.825,3357.035,3357.31,938.0,3357.1898013790255,3357.31,3360.495,False,False,,,0
2025-08-13 20:15:00,OANDA:XAUUSD,3357.315,3359.305,3357.315,3359.02,1218.0,3357.2080123105775,3357.31,3360.495,False,False,,,0
2025-08-13 20:20:00,OANDA:XAUUSD,3359.05,3359.745,3358.555,3358.645,684.0,3357.222310695547,3357.31,3360.495,False,False,,,0
2025-08-13 20:25:00,OANDA:XAUUSD,3358.635,3358.72,3357.495,3357.915,667.0,3357.2292031264374,3357.31,3359.02,False,False,,,0
2025-08-13 20:30:00,OANDA:XAUUSD,3357.91,3358.955,3357.88,3358.125,1048.0,3357.2381165281645,3357.31,3359.02,False,False,,,0
2025-08-13 20:35:00,OANDA:XAUUSD,3358.12,3358.125,3357.208,3357.47,663.0,3357.2404238263916,3357.47,3359.02,False,False,,,0
2025-08-13 20:40:00,OANDA:XAUUSD,3357.458,3358.55,3357.22,3358.485,898.0,3357.2528076689155,3357.47,3358.645,False,False,,,0
2025-08-13 20:45:00,OANDA:XAUUSD,3358.49,3358.97,3357.87,3358.225,1179.0,3357.262481224449,3357.47,3358.485,False,False,,,0
2025-08-13 20:50:00,OANDA:XAUUSD,3358.23,3359.44,3358.105,3358.645,1568.0,3357.276237630176,3357.47,3358.645,False,False,,,0
2025-08-13 20:55:00,OANDA:XAUUSD,3358.64,3358.695,3357.075,3357.695,1889.0,3357.2804044199256,3357.47,3358.645,False,False,,,0
2025-08-13 21:00:00,OANDA:XAUUSD,3357.675,3357.975,3355.04,3355.27,1227.0,3357.260400395847,3355.27,3358.645,False,False,,,0
2025-08-13 21:05:00,OANDA:XAUUSD,3355.275,3355.83,3354.305,3355.23,1031.0,3357.2401974068334,3355.23,3358.645,False,False,,,0
2025-08-13 21:10:00,OANDA:XAUUSD,3355.265,3355.375,3353.38,3354.515,1422.0,3357.213081014726,3354.515,3358.645,False,False,,,0
2025-08-13 21:15:00,OANDA:XAUUSD,3354.545,3355.34,3354.365,3354.49,1187.0,3357.185985681246,3354.49,3357.695,False,False,,,0
2025-08-13 21:20:00,OANDA:XAUUSD,3354.485,3354.495,3353.05,3353.815,976.0,3357.1524435351644,3353.815,3355.27,False,False,,,0
2025-08-13 21:25:00,OANDA:XAUUSD,3353.82,3354.02,3352.765,3353.725,817.0,3357.118339619392,3353.725,3355.23,False,False,,,0
2025-08-13 21:30:00,OANDA:XAUUSD,3353.74,3353.825,3351.33,3352.025,1266.0,3357.067659623179,3352.025,3354.515,False,False,,,0
2025-08-13 21:35:00,OANDA:XAUUSD,3352.02,3354.46,3351.615,3354.0,1295.0,3357.0371356468295,3352.025,3354.49,False,False,,,0
2025-08-13 21:40:00,OANDA:XAUUSD,3353.99,3354.0,3352.985,3353.19,972.0,3356.998855690145,3352.025,3354.0,False,False,,,0
2025-08-13 21:45:00,OANDA:XAUUSD,3353.195,3353.33,3351.6,3352.185,1041.0,3356.9509566285515,3352.025,3354.0,False,False,,,0
2025-08-13 21:50:00,OANDA:XAUUSD,3352.17,3352.26,3350.95,3351.005,1053.0,3356.8917928810038,3351.005,3354.0,False,False,,,0
2025-08-13 21:55:00,OANDA:XAUUSD,3350.995,3351.37,3350.015,3351.075,1155.0,3356.8339143448743,3351.005,3354.0,False,True,,3350.015,0
2025-08-13 22:00:00,OANDA:XAUUSD,3351.07,3352.06,3351.02,3351.21,659.0,3356.777954998159,3351.005,3353.19,False,False,,,0
2025-08-13 22:05:00,OANDA:XAUUSD,3351.225,3353.445,3351.215,3353.24,801.0,3356.7427514658393,3351.005,3353.24,False,False,,,0
2025-08-13 22:10:00,OANDA:XAUUSD,3353.225,3353.315,3352.53,3352.66,459.0,3356.7021270731448,3351.005,3353.24,False,False,,,0
2025-08-13 22:15:00,OANDA:XAUUSD,3352.755,3353.375,3352.73,3353.215,480.0,3356.6674292913226,3351.075,3353.24,False,False,,,0
2025-08-13 22:20:00,OANDA:XAUUSD,3353.22,3354.475,3353.05,3354.475,699.0,3356.6456140744936,3351.21,3354.475,False,False,,,0
2025-08-13 22:25:00,OANDA:XAUUSD,3354.46,3354.47,3353.825,3353.825,798.0,3356.6175482628073,3352.66,3354.475,False,False,,,0
2025-08-13 22:30:00,OANDA:XAUUSD,3353.83,3354.25,3353.07,3353.07,580.0,3356.5822492751176,3352.66,3354.475,False,False,,,0
2025-08-13 22:35:00,OANDA:XAUUSD,3353.075,3353.48,3352.695,3352.71,522.0,3356.543719431584,3352.71,3354.475,False,False,,,0
2025-08-13 22:40:00,OANDA:XAUUSD,3352.725,3354.07,3352.725,3354.065,297.0,3356.5190555566433,3352.71,3354.475,False,False,,,0
2025-08-13 22:45:00,OANDA:XAUUSD,3354.125,3354.565,3353.785,3354.445,447.0,3356.4984181879204,3352.71,3354.445,False,False,,,0
2025-08-13 22:50:00,OANDA:XAUUSD,3354.465,3356.76,3354.205,3356.64,886.0,3356.49982696217,3352.71,3356.64,False,False,,,0
2025-08-13 22:55:00,OANDA:XAUUSD,3356.645,3357.0,3355.75,3355.795,598.0,3356.4928137585666,3352.71,3356.64,False,False,,,0
2025-08-13 23:00:00,OANDA:XAUUSD,3355.835,3356.235,3355.495,3355.545,340.0,3356.4833827758944,3354.065,3356.64,False,False,,,0
2025-08-13 23:05:00,OANDA:XAUUSD,3355.56,3356.305,3355.485,3355.8,417.0,3356.4765829472785,3354.445,3356.64,False,False,,,0
2025-08-13 23:10:00,OANDA:XAUUSD,3355.78,3356.17,3354.82,3355.915,642.0,3356.470995057256,3355.545,3356.64,False,False,,,0
2025-08-13 23:15:00,OANDA:XAUUSD,3355.935,3356.735,3355.78,3356.545,464.0,3356.4717314248455,3355.545,3356.545,False,False,,,0
2025-08-13 23:20:00,OANDA:XAUUSD,3356.53,3358.0,3356.445,3357.93,855.0,3356.486241559922,3355.545,3357.93,False,False,,,0
2025-08-13 23:25:00,OANDA:XAUUSD,3357.94,3358.89,3357.77,3357.99,1241.0,3356.50120433047,3355.8,3357.99,True,False,3358.89,,0
2025-08-13 23:30:00,OANDA:XAUUSD,3357.885,3358.315,3356.455,3356.51,201.0,3356.50129184957,3355.915,3357.99,False,False,,,0
2025-08-13 23:35:00,OANDA:XAUUSD,3356.56,3357.605,3356.49,3357.41,132.0,3356.510333721714,3356.51,3357.99,False,False,,,0
2025-08-13 23:40:00,OANDA:XAUUSD,3357.405,3357.88,3357.13,3357.645,169.0,3356.521623933438,3356.51,3357.99,False,False,,,0
2025-08-13 23:45:00,OANDA:XAUUSD,3357.585,3357.595,3356.67,3356.67,259.0,3356.52310031221,3356.51,3357.99,False,False,,,0
2025-08-13 23:50:00,OANDA:XAUUSD,3356.695,3357.225,3356.675,3356.675,175.0,3356.5246117518896,3356.51,3357.645,False,False,,,0
2025-08-13 23:55:00,OANDA:XAUUSD,3356.69,3357.06,3356.69,3357.015,199.0,3356.5294912369454,3356.67,3357.645,False,False,,,0
2025-08-14 00:00:00,OANDA:XAUUSD,3357.045,3357.07,3356.1,3356.42,204.0,3356.5284017719014,3356.42,3357.645,False,False,,,0
2025-08-14 00:05:00,OANDA:XAUUSD,3356.41,3356.445,3355.83,3356.315,195.0,3356.526278371186,3356.315,3357.015,False,False,,,0
2025-08-14 00:10:00,OANDA:XAUUSD,3356.28,3356.74,3356.28,3356.29,106.0,3356.5239273426173,3356.29,3357.015,False,False,,,0
2025-08-14 00:15:00,OANDA:XAUUSD,3356.35,3356.49,3356.06,3356.24,86.0,3356.52110219493,3356.24,3357.015,False,False,,,0
2025-08-14 00:20:00,OANDA:XAUUSD,3356.19,3356.47,3355.935,3356.035,92.0,3356.5162653571697,3356.035,3356.42,False,False,,,0
2025-08-14 00:25:00,OANDA:XAUUSD,3356.025,3356.135,3355.6,3355.695,164.0,3356.508093562571,3355.695,3356.315,False,True,,3355.6,0
2025-08-14 01:30:00,OANDA:XAUUSD,3357.46,3357.46,3357.46,3357.46,1.0,3356.517565268416,3355.695,3357.46,False,False,,,0
2025-08-14 01:35:00,OANDA:XAUUSD,3357.485,3357.785,3356.805,3357.54,113.0,3356.5277387483325,3355.695,3357.54,False,False,,,0
2025-08-14 01:40:00,OANDA:XAUUSD,3357.515,3357.9,3356.71,3356.865,187.0,3356.5310945816827,3355.695,3357.54,False,False,,,0
2025-08-14 01:45:00,OANDA:XAUUSD,3356.845,3357.63,3356.845,3357.61,84.0,3356.5418299589796,3355.695,3357.61,False,False,,,0
2025-08-14 01:50:00,OANDA:XAUUSD,3357.7,3357.93,3357.35,3357.59,71.0,3356.5522595116267,3356.865,3357.61,False,False,,,0
2025-08-14 01:55:00,OANDA:XAUUSD,3357.625,3357.74,3357.225,3357.265,99.0,3356.559351456785,3356.865,3357.61,False,False,,,0
2025-08-14 02:00:00,OANDA:XAUUSD,3357.3,3357.845,3356.82,3357.57,220.0,3356.5694076611953,3356.865,3357.61,False,False,,,0
2025-08-14 02:05:00,OANDA:XAUUSD,3357.5,3358.395,3357.285,3358.22,69.0,3356.5858314655616,3357.265,3358.22,False,False,,,0
2025-08-14 02:10:00,OANDA:XAUUSD,3358.27,3358.365,3357.43,3357.69,143.0,3356.596818217148,3357.265,3358.22,False,False,,,0
2025-08-14 02:15:00,OANDA:XAUUSD,3357.585,3358.12,3357.585,3358.055,57.0,3356.6113274886197,3357.265,3358.22,False,False,,,0
2025-08-14 02:20:00,OANDA:XAUUSD,3357.995,3358.365,3357.435,3357.505,64.0,3356.620219752415,3357.505,3358.22,False,False,,,0
2025-08-14 02:25:00,OANDA:XAUUSD,3357.5,3357.885,3357.46,3357.665,137.0,3356.6306155757743,3357.505,3358.22,False,False,,,0
2025-08-14 02:30:00,OANDA:XAUUSD,3357.68,3360.745,3357.68,3360.745,636.0,3356.6715547242743,3357.505,3360.745,False,False,,,0
2025-08-14 02:35:00,OANDA:XAUUSD,3360.755,3361.455,3360.48,3360.68,458.0,3356.7114397518935,3357.505,3360.745,False,False,,,0
2025-08-14 02:40:00,OANDA:XAUUSD,3360.73,3360.88,3359.94,3360.155,165.0,3356.7457040329696,3357.505,3360.745,False,False,,,0
2025-08-14 02:45:00,OANDA:XAUUSD,3360.195,3361.03,3360.195,3360.645,229.0,3356.7845029978157,3357.665,3360.745,False,False,,,0
2025-08-14 02:50:00,OANDA:XAUUSD,3360.635,3360.655,3359.81,3360.285,242.0,3356.819333813758,3360.155,3360.745,False,False,,,0
2025-08-14 02:55:00,OANDA:XAUUSD,3360.295,3361.45,3360.295,3360.95,428.0,3356.8604349698403,3360.155,3360.95,False,False,,,0
2025-08-14 03:00:00,OANDA:XAUUSD,3360.935,3362.275,3360.785,3361.18,435.0,3356.903415716409,3360.155,3361.18,False,False,,,0
2025-08-14 03:05:00,OANDA:XAUUSD,3361.205,3362.51,3361.205,3362.485,450.0,3356.958953868485,3360.285,3362.485,False,False,,,0
2025-08-14 03:10:00,OANDA:XAUUSD,3362.475,3363.13,3361.985,3362.93,386.0,3357.0183672628286,3360.285,3362.93,False,False,,,0
2025-08-14 03:15:00,OANDA:XAUUSD,3362.88,3363.595,3362.51,3362.905,479.0,3357.0769407229,3360.95,3362.93,False,False,,,0
2025-08-14 03:20:00,OANDA:XAUUSD,3362.9,3363.03,3361.685,3362.7,521.0,3357.132891561478,3361.18,3362.93,False,False,,,0
2025-08-14 03:25:00,OANDA:XAUUSD,3362.705,3363.045,3362.44,3362.95,396.0,3357.1907732374834,3362.485,3362.95,False,False,,,0
2025-08-14 03:30:00,OANDA:XAUUSD,3362.945,3365.705,3362.87,3365.515,1378.0,3357.273601364474,3362.7,3365.515,False,False,,,0
2025-08-14 03:35:00,OANDA:XAUUSD,3365.535,3368.025,3365.465,3367.355,1585.0,3357.3739137887083,3362.7,3367.355,False,False,,,0
2025-08-14 03:40:00,OANDA:XAUUSD,3367.36,3368.655,3366.915,3368.03,1242.0,3357.4799444972787,3362.7,3368.03,False,False,,,0
2025-08-14 03:45:00,OANDA:XAUUSD,3368.025,3370.135,3367.985,3369.41,1114.0,3357.5986515172062,3362.95,3369.41,False,False,,,0
2025-08-14 03:50:00,OANDA:XAUUSD,3369.335,3372.315,3368.495,3372.14,1346.0,3357.7433415518612,3365.515,3372.14,False,False,,,0
2025-08-14 03:55:00,OANDA:XAUUSD,3372.135,3373.195,3371.365,3372.99,981.0,3357.8950495961217,3367.355,3372.99,False,False,,,0
2025-08-14 04:00:00,OANDA:XAUUSD,3372.985,3374.805,3371.09,3371.79,1322.0,3358.0333078090957,3368.03,3372.99,True,False,3374.805,,0
2025-08-14 04:05:00,OANDA:XAUUSD,3371.785,3372.285,3369.705,3371.845,1289.0,3358.1707375821397,3369.41,3372.99,False,False,,,0
2025-08-14 04:10:00,OANDA:XAUUSD,3371.855,3371.975,3370.395,3371.17,651.0,3358.300083476845,3371.17,3372.99,False,False,,,0
2025-08-14 04:15:00,OANDA:XAUUSD,3371.22,3372.015,3370.425,3371.37,509.0,3358.4301323974737,3371.17,3372.99,False,False,,,0
2025-08-14 04:20:00,OANDA:XAUUSD,3371.385,3372.08,3370.075,3370.785,1040.0,3358.553066403469,3370.785,3371.845,False,False,,,0
2025-08-14 04:25:00,OANDA:XAUUSD,3370.73,3372.115,3369.255,3369.61,1003.0,3358.6630856432357,3369.61,3371.845,False,False,,,0
2025-08-14 04:30:00,OANDA:XAUUSD,3369.585,3370.935,3368.305,3368.34,1691.0,3358.759373348278,3368.34,3371.37,False,False,,,0
2025-08-14 04:35:00,OANDA:XAUUSD,3368.33,3369.9,3367.425,3369.5,978.0,3358.8662452552608,3368.34,3371.37,False,False,,,0
2025-08-14 04:40:00,OANDA:XAUUSD,3369.495,3370.105,3368.145,3369.075,954.0,3358.9678249044623,3368.34,3370.785,False,False,,,0
2025-08-14 04:45:00,OANDA:XAUUSD,3369.145,3370.175,3367.615,3369.555,1009.0,3359.0731699302887,3368.34,3369.61,False,False,,,0
2025-08-14 04:50:00,OANDA:XAUUSD,3369.52,3370.415,3365.715,3366.185,1610.0,3359.1439344085943,3366.185,3369.555,False,False,,,0
2025-08-14 04:55:00,OANDA:XAUUSD,3366.21,3366.71,3365.41,3366.26,1122.0,3359.2147410313946,3366.185,3369.555,False,False,,,0
2025-08-14 05:00:00,OANDA:XAUUSD,3366.315,3368.06,3365.535,3365.73,1105.0,3359.2795694788438,3365.73,3369.555,False,False,,,0
2025-08-14 05:05:00,OANDA:XAUUSD,3365.785,3366.275,3365.235,3366.02,977.0,3359.3466384392536,3365.73,3369.555,False,True,,3365.235,0
2025-08-14 05:10:00,OANDA:XAUUSD,3366.015,3367.135,3365.615,3366.865,1202.0,3359.4214480070223,3365.73,3366.865,False,False,,,0
2025-08-14 05:15:00,OANDA:XAUUSD,3366.77,3369.195,3366.65,3368.88,1318.0,3359.515562952226,3365.73,3368.88,False,False,,,0
2025-08-14 05:20:00,OANDA:XAUUSD,3368.8,3370.675,3367.71,3368.74,905.0,3359.6073483954874,3365.73,3368.88,True,False,3370.675,,0
2025-08-14 05:25:00,OANDA:XAUUSD,3368.765,3368.955,3366.46,3367.49,972.0,3359.685782739811,3366.02,3368.88,False,False,,,0
2025-08-14 05:30:00,OANDA:XAUUSD,3367.505,3368.56,3367.39,3367.645,1322.0,3359.764978931455,3366.865,3368.88,False,False,,,0
2025-08-14 05:35:00,OANDA:XAUUSD,3367.65,3368.46,3365.785,3368.435,1159.0,3359.851247797809,3367.49,3368.88,False,False,,,0
2025-08-14 05:40:00,OANDA:XAUUSD,3368.4,3369.33,3367.685,3368.68,892.0,3359.9390960784276,3367.49,3368.74,False,False,,,0
2025-08-14 05:45:00,OANDA:XAUUSD,3368.715,3368.955,3367.36,3367.46,767.0,3360.013930943319,3367.46,3368.68,False,False,,,0
2025-08-14 05:50:00,OANDA:XAUUSD,3367.45,3367.835,3366.415,3367.395,714.0,3360.0873744165197,3367.395,3368.68,False,False,,,0
2025-08-14 05:55:00,OANDA:XAUUSD,3367.43,3367.79,3365.22,3365.39,1138.0,3360.1401368601364,3365.39,3368.68,False,False,,,0
2025-08-14 06:00:00,OANDA:XAUUSD,3365.385,3366.225,3364.42,3365.15,891.0,3360.189986244613,3365.15,3368.68,False,False,,,0
2025-08-14 06:05:00,OANDA:XAUUSD,3365.135,3368.035,3365.135,3367.71,940.0,3360.2648122521296,3365.15,3367.71,False,False,,,0
2025-08-14 06:10:00,OANDA:XAUUSD,3367.69,3368.57,3367.44,3367.895,790.0,3360.3407345182777,3365.15,3367.895,False,False,,,0
2025-08-14 06:15:00,OANDA:XAUUSD,3367.935,3368.015,3365.775,3366.03,1385.0,3360.397344125061,3365.15,3367.895,False,False,,,0
2025-08-14 06:20:00,OANDA:XAUUSD,3366.025,3366.14,3364.685,3364.71,1103.0,3360.4402561238167,3364.71,3367.895,False,False,,,0
2025-08-14 06:25:00,OANDA:XAUUSD,3364.705,3365.23,3362.835,3362.86,1495.0,3360.4643331773113,3362.86,3367.895,False,False,,,0
2025-08-14 06:30:00,OANDA:XAUUSD,3362.85,3364.14,3360.825,3361.085,1545.0,3360.470508966592,3361.085,3367.895,False,False,,,0
2025-08-14 06:35:00,OANDA:XAUUSD,3361.135,3361.135,3359.265,3359.425,1753.0,3360.460105892298,3359.425,3366.03,False,False,,,0
2025-08-14 06:40:00,OANDA:XAUUSD,3359.415,3360.8,3358.72,3360.07,1194.0,3360.4562242416287,3359.425,3364.71,False,False,,,0
2025-08-14 06:45:00,OANDA:XAUUSD,3360.0,3360.07,3357.505,3357.865,1818.0,3360.4304409158412,3357.865,3362.86,False,False,,,0
2025-08-14 06:50:00,OANDA:XAUUSD,3357.775,3359.815,3357.26,3358.875,1639.0,3360.4149638918034,3357.865,3361.085,False,False,,,0
2025-08-14 06:55:00,OANDA:XAUUSD,3358.83,3358.845,3357.4,3357.52,1535.0,3360.38615828094,3357.52,3360.07,False,False,,,0
2025-08-14 07:00:00,OANDA:XAUUSD,3357.515,3357.9,3356.12,3356.485,1509.0,3360.3473407856072,3356.485,3360.07,False,False,,,0
2025-08-14 07:05:00,OANDA:XAUUSD,3356.475,3356.93,3355.595,3356.17,1333.0,3360.305775205651,3356.17,3358.875,False,True,,3355.595,0
2025-08-14 07:10:00,OANDA:XAUUSD,3356.175,3358.585,3355.98,3357.415,1014.0,3360.277011273257,3356.17,3358.875,False,False,,,0
2025-08-14 07:15:00,OANDA:XAUUSD,3357.41,3358.49,3356.59,3357.98,1121.0,3360.254155439692,3356.17,3357.98,False,False,,,0
2025-08-14 07:20:00,OANDA:XAUUSD,3358.04,3358.77,3357.85,3357.98,993.0,3360.231527027357,3356.17,3357.98,False,False,,,0
2025-08-14 07:25:00,OANDA:XAUUSD,3358.0,3360.64,3357.815,3360.64,852.0,3360.235591435045,3356.17,3360.64,False,False,,,0
2025-08-14 07:30:00,OANDA:XAUUSD,3360.71,3361.455,3359.79,3360.385,925.0,3360.237078087433,3357.415,3360.64,False,False,,,0
2025-08-14 07:35:00,OANDA:XAUUSD,3360.375,3360.555,3359.565,3360.285,794.0,3360.237554922384,3357.98,3360.64,False,False,,,0
2025-08-14 07:40:00,OANDA:XAUUSD,3360.3,3360.785,3359.995,3360.59,473.0,3360.2410618385793,3357.98,3360.64,False,False,,,0
2025-08-14 07:45:00,OANDA:XAUUSD,3360.585,3361.34,3359.915,3360.33,720.0,3360.2419467954096,3360.285,3360.64,False,False,,,0
2025-08-14 07:50:00,OANDA:XAUUSD,3360.345,3360.98,3360.295,3360.45,484.0,3360.24401697655,3360.285,3360.59,False,False,,,0
2025-08-14 07:55:00,OANDA:XAUUSD,3360.445,3361.255,3360.025,3361.11,643.0,3360.252633723052,3360.285,3361.11,False,False,,,0
2025-08-14 08:00:00,OANDA:XAUUSD,3361.105,3361.675,3358.65,3359.185,797.0,3360.2420105019273,3359.185,3361.11,False,False,,,0
2025-08-14 08:05:00,OANDA:XAUUSD,3359.175,3361.29,3359.045,3361.025,508.0,3360.2498014422067,3359.185,3361.11,False,False,,,0
2025-08-14 08:10:00,OANDA:XAUUSD,3361.065,3361.85,3360.675,3360.915,515.0,3360.256420333329,3359.185,3361.11,False,False,,,0
2025-08-14 08:15:00,OANDA:XAUUSD,3360.93,3361.84,3360.635,3360.93,547.0,3360.26312261857,3359.185,3361.11,False,False,,,0
2025-08-14 08:20:00,OANDA:XAUUSD,3361.06,3361.5,3360.84,3361.395,571.0,3360.2743850800766,3359.185,3361.395,False,False,,,0
2025-08-14 08:25:00,OANDA:XAUUSD,3361.385,3361.565,3360.44,3360.5,456.0,3360.2766300046533,3360.5,3361.395,False,False,,,0
2025-08-14 08:30:00,OANDA:XAUUSD,3360.51,3360.965,3359.36,3360.565,600.0,3360.279499357841,3360.5,3361.395,False,False,,,0
2025-08-14 08:35:00,OANDA:XAUUSD,3360.59,3361.61,3360.235,3361.005,576.0,3360.286718269703,3360.5,3361.395,False,False,,,0
2025-08-14 08:40:00,OANDA:XAUUSD,3360.975,3361.705,3360.48,3361.51,656.0,3360.2988902272186,3360.5,3361.51,False,False,,,0
2025-08-14 08:45:00,OANDA:XAUUSD,3361.505,3362.08,3361.25,3361.45,651.0,3360.310344055804,3360.5,3361.51,True,False,3362.08,,0
2025-08-14 08:50:00,OANDA:XAUUSD,3361.445,3361.485,3358.8,3359.235,927.0,3360.2996441149503,3359.235,3361.51,False,False,,,0
2025-08-14 08:55:00,OANDA:XAUUSD,3359.22,3359.945,3358.835,3359.315,793.0,3360.2898466610704,3359.235,3361.51,False,False,,,0
2025-08-14 09:00:00,OANDA:XAUUSD,3359.295,3359.49,3356.38,3357.815,1844.0,3360.2652213211595,3357.815,3361.51,False,False,,,0
2025-08-14 09:05:00,OANDA:XAUUSD,3357.735,3358.785,3357.66,3358.63,786.0,3360.2489504622426,3357.815,3361.45,False,False,,,0
2025-08-14 09:10:00,OANDA:XAUUSD,3358.69,3359.41,3358.035,3359.14,675.0,3360.237916129285,3357.815,3359.315,False,False,,,0
2025-08-14 09:15:00,OANDA:XAUUSD,3359.145,3359.845,3358.685,3358.955,459.0,3360.2251507946658,3357.815,3359.315,False,False,,,0
2025-08-14 09:20:00,OANDA:XAUUSD,3359.01,3359.585,3358.225,3359.075,291.0,3360.213706508152,3357.815,3359.14,False,False,,,0
2025-08-14 09:25:00,OANDA:XAUUSD,3359.095,3359.845,3358.485,3358.96,751.0,3360.201231816529,3358.63,3359.14,False,False,,,0
2025-08-14 09:30:00,OANDA:XAUUSD,3358.915,3358.915,3356.325,3356.745,897.0,3360.1668414501955,3356.745,3359.14,False,False,,,0
2025-08-14 09:35:00,OANDA:XAUUSD,3356.775,3359.735,3355.94,3359.635,2272.0,3360.161549495467,3356.745,3359.635,False,True,,3355.94,0
2025-08-14 09:40:00,OANDA:XAUUSD,3359.63,3361.29,3359.005,3359.44,1963.0,3360.1543698984974,3356.745,3359.635,False,False,,,0
2025-08-14 09:45:00,OANDA:XAUUSD,3359.435,3359.565,3357.79,3358.875,1286.0,3360.1416398497563,3356.745,3359.635,False,False,,,0
2025-08-14 09:50:00,OANDA:XAUUSD,3358.86,3358.86,3356.525,3358.085,1162.0,3360.1211757716496,3356.745,3359.635,False,False,,,0
2025-08-14 09:55:00,OANDA:XAUUSD,3358.145,3359.185,3357.995,3359.065,1426.0,3360.1106665599914,3358.085,3359.635,False,False,,,0
2025-08-14 10:00:00,OANDA:XAUUSD,3359.08,3360.105,3357.605,3359.195,1595.0,3360.1015554499418,3358.085,3359.44,False,False,,,0
2025-08-14 10:05:00,OANDA:XAUUSD,3359.2,3359.56,3358.24,3358.78,686.0,3360.0884056444697,3358.085,3359.195,False,False,,,0
2025-08-14 10:10:00,OANDA:XAUUSD,3358.91,3359.405,3357.385,3358.735,1074.0,3360.0749389216394,3358.085,3359.195,False,False,,,0
2025-08-14 10:15:00,OANDA:XAUUSD,3358.745,3359.46,3357.98,3358.36,997.0,3360.0578748527673,3358.36,3359.195,False,False,,,0
2025-08-14 10:20:00,OANDA:XAUUSD,3358.35,3360.79,3358.17,3360.47,1256.0,3360.0619756005012,3358.36,3360.47,False,False,,,0
2025-08-14 10:25:00,OANDA:XAUUSD,3360.51,3362.48,3360.43,3362.15,1552.0,3360.0827519626855,3358.36,3362.15,False,False,,,0
2025-08-14 10:30:00,OANDA:XAUUSD,3362.13,3366.65,3361.76,3365.81,2525.0,3360.1397395053455,3358.36,3365.81,True,False,3366.65,,0
2025-08-14 10:35:00,OANDA:XAUUSD,3365.8,3366.0,3362.61,3364.575,2247.0,3360.183871450566,3358.36,3365.81,False,False,,,0
2025-08-14 10:40:00,OANDA:XAUUSD,3364.565,3365.335,3362.33,3362.735,1819.0,3360.209255814242,3360.47,3365.81,False,False,,,0
2025-08-14 10:45:00,OANDA:XAUUSD,3362.77,3365.095,3361.43,3363.065,2355.0,3360.237671179275,3362.15,3365.81,False,False,,,0
2025-08-14 10:50:00,OANDA:XAUUSD,3363.015,3363.94,3361.69,3363.725,1595.0,3360.272370968536,3362.735,3365.81,False,False,,,0
2025-08-14 10:55:00,OANDA:XAUUSD,3363.735,3364.005,3362.305,3362.615,1093.0,3360.2956807101427,3362.615,3364.575,False,False,,,0
2025-08-14 11:00:00,OANDA:XAUUSD,3362.59,3362.68,3358.495,3358.815,1439.0,3360.2809475687486,3358.815,3363.725,False,False,,,0
2025-08-14 11:05:00,OANDA:XAUUSD,3358.845,3359.26,3355.98,3357.16,2204.0,3360.2498933640845,3357.16,3363.725,False,False,,,0
2025-08-14 11:10:00,OANDA:XAUUSD,3357.15,3357.395,3352.355,3352.455,2098.0,3360.172332236084,3352.455,3363.725,False,False,,,0
2025-08-14 11:15:00,OANDA:XAUUSD,3352.44,3352.615,3349.755,3350.655,1946.0,3360.0776324128396,3350.655,3362.615,False,False,,,0
2025-08-14 11:20:00,OANDA:XAUUSD,3350.645,3351.375,3346.51,3348.93,2031.0,3359.9667106972893,3348.93,3358.815,False,False,,,0
2025-08-14 11:25:00,OANDA:XAUUSD,3348.925,3349.24,3343.605,3346.15,2108.0,3359.829230988859,3346.15,3357.16,False,False,,,0
2025-08-14 11:30:00,OANDA:XAUUSD,3346.07,3346.31,3341.455,3345.15,3476.0,3359.68316898897,3345.15,3352.455,False,True,,3341.455,0
2025-08-14 11:35:00,OANDA:XAUUSD,3345.13,3347.71,3343.22,3344.76,2656.0,3359.534679745299,3344.76,3350.655,False,False,,,0
2025-08-14 11:40:00,OANDA:XAUUSD,3344.735,3347.41,3344.085,3344.62,1604.0,3359.386274971714,3344.62,3348.93,False,False,,,0
2025-08-14 11:45:00,OANDA:XAUUSD,3344.555,3345.955,3341.865,3345.945,1830.0,3359.252530942145,3344.62,3346.15,False,False,,,0
2025-08-14 11:50:00,OANDA:XAUUSD,3345.955,3348.195,3345.285,3347.86,2083.0,3359.1391724253076,3344.62,3347.86,False,False,,,0
2025-08-14 11:55:00,OANDA:XAUUSD,3347.785,3349.91,3347.635,3349.825,1317.0,3359.0464940927177,3344.62,3349.825,False,False,,,0
2025-08-14 12:00:00,OANDA:XAUUSD,3349.79,3350.435,3348.18,3349.145,1058.0,3358.947971763437,3344.62,3349.825,False,False,,,0
2025-08-14 12:05:00,OANDA:XAUUSD,3349.13,3349.54,3344.76,3346.185,1669.0,3358.8209770195226,3345.945,3349.825,False,False,,,0
2025-08-14 12:10:00,OANDA:XAUUSD,3346.1,3346.95,3344.57,3346.445,1134.0,3358.697832969577,3346.185,3349.825,False,False,,,0
2025-08-14 12:15:00,OANDA:XAUUSD,3346.45,3347.165,3346.055,3346.625,771.0,3358.577705278338,3346.185,3349.825,False,False,,,0
2025-08-14 12:20:00,OANDA:XAUUSD,3346.59,3348.39,3346.035,3346.935,1300.0,3358.4618574646233,3346.185,3349.145,False,False,,,0
2025-08-14 12:25:00,OANDA:XAUUSD,3346.875,3348.31,3346.06,3346.23,1249.0,3358.3401474401,3346.185,3346.935,False,False,,,0
2025-08-14 12:30:00,OANDA:XAUUSD,3346.225,3349.595,3345.155,3349.385,1109.0,3358.251041495422,3346.23,3349.385,False,False,,,0
2025-08-14 12:35:00,OANDA:XAUUSD,3349.405,3353.64,3349.195,3352.905,1379.0,3358.197847052682,3346.23,3352.905,False,False,,,0
2025-08-14 12:40:00,OANDA:XAUUSD,3352.655,3355.405,3351.23,3355.03,1671.0,3358.1663261864865,3346.23,3355.03,False,False,,,0
2025-08-14 12:45:00,OANDA:XAUUSD,3355.005,3358.375,3354.805,3357.82,1779.0,3358.1628801547804,3346.23,3357.82,False,False,,,0
2025-08-14 12:50:00,OANDA:XAUUSD,3357.845,3358.295,3355.385,3357.17,1334.0,3358.153000750255,3349.385,3357.82,False,False,,,0
2025-08-14 12:55:00,OANDA:XAUUSD,3357.165,3359.215,3356.105,3356.405,1360.0,3358.135607707964,3352.905,3357.82,True,False,3359.215,,0
2025-08-14 13:00:00,OANDA:XAUUSD,3356.36,3358.17,3356.295,3356.885,1134.0,3358.1231638501736,3355.03,3357.82,False,False,,,0
2025-08-14 13:05:00,OANDA:XAUUSD,3356.91,3357.265,3355.985,3356.34,1146.0,3358.1054209262916,3356.34,3357.82,False,False,,,0
2025-08-14 13:10:00,OANDA:XAUUSD,3356.385,3356.785,3354.53,3354.93,1071.0,3358.0738246981696,3354.93,3357.17,False,False,,,0
2025-08-14 13:15:00,OANDA:XAUUSD,3354.94,3355.375,3353.94,3355.36,1043.0,3358.0468214673424,3354.93,3356.885,False,False,,,0
2025-08-14 13:20:00,OANDA:XAUUSD,3355.325,3358.385,3355.15,3358.29,1166.0,3358.0492411542346,3354.93,3358.29,False,False,,,0
2025-08-14 13:25:00,OANDA:XAUUSD,3358.225,3358.225,3355.985,3356.56,902.0,3358.034422834292,3354.93,3358.29,False,False,,,0
2025-08-14 13:30:00,OANDA:XAUUSD,3356.535,3357.355,3355.53,3356.11,1178.0,3358.0152743483786,3354.93,3358.29,False,False,,,0
2025-08-14 13:35:00,OANDA:XAUUSD,3356.075,3356.26,3355.345,3355.7,907.0,3357.9922367926733,3355.36,3358.29,False,False,,,0
2025-08-14 13:40:00,OANDA:XAUUSD,3355.655,3358.87,3355.605,3358.345,1014.0,3357.9957468743382,3355.7,3358.345,False,False,,,0
2025-08-14 13:45:00,OANDA:XAUUSD,3358.32,3358.435,3356.35,3357.555,752.0,3357.9913613333,3355.7,3358.345,False,False,,,0
2025-08-14 13:50:00,OANDA:XAUUSD,3357.595,3357.75,3356.345,3357.355,1124.0,3357.985029379735,3355.7,3358.345,False,False,,,0
2025-08-14 13:55:00,OANDA:XAUUSD,3357.35,3358.805,3357.35,3357.6,1382.0,3357.981198241628,3355.7,3358.345,False,False,,,0
2025-08-14 14:00:00,OANDA:XAUUSD,3357.595,3359.195,3357.585,3358.47,897.0,3357.9860619407164,3357.355,3358.47,True,False,3359.195,,0
2025-08-14 14:05:00,OANDA:XAUUSD,3358.575,3358.815,3357.245,3357.615,780.0,3357.9823697821025,3357.355,3358.47,False,False,,,0
2025-08-14 14:10:00,OANDA:XAUUSD,3357.61,3357.61,3353.525,3354.19,1561.0,3357.9446347593953,3354.19,3358.47,False,False,,,0
2025-08-14 14:15:00,OANDA:XAUUSD,3354.405,3354.53,3352.15,3352.94,941.0,3357.8948373986054,3352.94,3358.47,False,True,,3352.15,0
2025-08-14 14:20:00,OANDA:XAUUSD,3352.95,3354.615,3352.95,3353.77,565.0,3357.8537942404105,3352.94,3358.47,False,False,,,0
2025-08-14 14:25:00,OANDA:XAUUSD,3353.745,3355.23,3353.5,3355.01,1025.0,3357.825497780307,3352.94,3357.615,False,False,,,0
2025-08-14 14:30:00,OANDA:XAUUSD,3355.005,3357.18,3355.005,3356.8,1379.0,3357.8152938222943,3352.94,3356.8,False,False,,,0
2025-08-14 14:35:00,OANDA:XAUUSD,3356.795,3356.795,3354.715,3354.82,1221.0,3357.7854899036647,3352.94,3356.8,False,False,,,0
2025-08-14 14:40:00,OANDA:XAUUSD,3354.93,3355.82,3353.395,3354.46,1090.0,3357.7524004518873,3353.77,3356.8,False,False,,,0
2025-08-14 14:45:00,OANDA:XAUUSD,3354.56,3355.49,3352.695,3352.99,1350.0,3357.7050133827142,3352.99,3356.8,False,False,,,0
2025-08-14 14:50:00,OANDA:XAUUSD,3352.985,3355.575,3352.67,3355.065,810.0,3357.6787445928367,3352.99,3356.8,False,False,,,0
2025-08-14 14:55:00,OANDA:XAUUSD,3355.005,3355.62,3354.84,3355.275,908.0,3357.654826736192,3352.99,3355.275,False,False,,,0
2025-08-14 15:00:00,OANDA:XAUUSD,3355.24,3355.965,3354.165,3355.31,648.0,3357.6314951268764,3352.99,3355.31,False,False,,,0
2025-08-14 15:05:00,OANDA:XAUUSD,3355.325,3356.93,3354.775,3355.045,625.0,3357.6057588569574,3352.99,3355.31,False,False,,,0
2025-08-14 15:10:00,OANDA:XAUUSD,3354.805,3354.805,3353.305,3354.165,987.0,3357.5715224504206,3354.165,3355.31,False,False,,,0
2025-08-14 15:15:00,OANDA:XAUUSD,3354.115,3355.32,3353.875,3354.75,329.0,3357.543447600168,3354.165,3355.31,False,False,,,0
2025-08-14 15:20:00,OANDA:XAUUSD,3354.87,3355.825,3354.46,3355.55,425.0,3357.523612300664,3354.165,3355.55,False,False,,,0
2025-08-14 15:25:00,OANDA:XAUUSD,3355.395,3355.93,3354.94,3355.545,575.0,3357.5039246160804,3354.165,3355.55,False,False,,,0
2025-08-14 15:30:00,OANDA:XAUUSD,3355.56,3357.36,3354.905,3355.92,1185.0,3357.4881641721395,3354.165,3355.92,False,False,,,0
2025-08-14 15:35:00,OANDA:XAUUSD,3355.885,3358.53,3355.775,3357.29,1348.0,3357.4861923893322,3354.75,3357.29,True,False,3358.53,,0
2025-08-14 15:40:00,OANDA:XAUUSD,3357.24,3358.275,3355.42,3355.48,1387.0,3357.4662302760057,3355.48,3357.29,False,False,,,0
2025-08-14 15:45:00,OANDA:XAUUSD,3355.475,3355.475,3352.88,3353.715,1327.0,3357.428904601618,3353.715,3357.29,False,False,,,0
2025-08-14 15:50:00,OANDA:XAUUSD,3353.775,3356.09,3353.775,3354.79,1561.0,3357.402646844388,3353.715,3357.29,False,False,,,0
2025-08-14 15:55:00,OANDA:XAUUSD,3354.785,3355.715,3353.17,3353.56,832.0,3357.3644115524044,3353.56,3357.29,False,False,,,0
2025-08-14 16:00:00,OANDA:XAUUSD,3353.555,3353.555,3342.125,3348.125,5596.0,3357.272477109097,3348.125,3355.48,False,False,,,0
2025-08-14 16:05:00,OANDA:XAUUSD,3348.13,3351.93,3347.49,3350.36,4765.0,3357.20369624234,3348.125,3354.79,False,False,,,0
2025-08-14 16:10:00,OANDA:XAUUSD,3350.365,3353.64,3347.415,3352.97,3666.0,3357.1615699115705,3348.125,3354.79,False,False,,,0
2025-08-14 16:15:00,OANDA:XAUUSD,3352.96,3356.675,3351.985,3351.985,3371.0,3357.1100617532466,3348.125,3353.56,False,False,,,0
2025-08-14 16:20:00,OANDA:XAUUSD,3351.975,3352.365,3351.64,3352.255,207.0,3357.061752681075,3348.125,3352.97,False,False,,,0
