datetime,symbol,open,high,low,close,volume,EMA_9,EMA_21,EMA_50,DEMA_9,DEMA_21
2025-07-14 02:30:00,OANDA:XAUUSD,3369.575,3374.255,3366.6,3367.61,10341.0,,,,,
2025-07-14 03:30:00,OANDA:XAUUSD,3367.74,3373.355,3364.895,3367.52,20765.0,,,,,
2025-07-14 04:30:00,OANDA:XAUUSD,3367.51,3370.245,3356.945,3358.59,28327.0,,,,,
2025-07-14 05:30:00,OANDA:XAUUSD,3358.545,3359.665,3353.87,3357.485,20854.0,,,,,
2025-07-14 06:30:00,OANDA:XAUUSD,3357.415,3359.73,3355.57,3357.205,14126.0,,,,,
2025-07-14 07:30:00,OANDA:XAUUSD,3357.145,3361.84,3353.9,3359.835,20345.0,,,,,
2025-07-14 08:30:00,OANDA:XAUUSD,3359.625,3360.485,3353.675,3357.64,15453.0,,,,,
2025-07-14 09:30:00,OANDA:XAUUSD,3357.71,3369.915,3356.665,3369.06,18330.0,,,,,
2025-07-14 10:30:00,OANDA:XAUUSD,3369.075,3375.085,3366.75,3372.13,21687.0,3363.008333333333,,,3363.008333333333,
2025-07-14 11:30:00,OANDA:XAUUSD,3372.135,3372.75,3365.44,3366.075,15562.0,3363.621666666667,,,3364.1123333333335,
2025-07-14 12:30:00,OANDA:XAUUSD,3366.18,3370.48,3364.04,3370.33,10651.0,3364.963333333334,,,3366.4292000000005,
2025-07-14 13:30:00,OANDA:XAUUSD,3370.41,3374.69,3369.94,3372.095,11245.0,3366.3896666666674,,,3368.703426666667,
2025-07-14 14:30:00,OANDA:XAUUSD,3372.18,3373.25,3363.915,3364.14,12371.0,3365.939733333334,,,3367.4307946666668,
2025-07-14 15:30:00,OANDA:XAUUSD,3364.16,3366.705,3349.385,3350.12,28696.0,3362.7757866666675,,,3361.4374784,
2025-07-14 16:30:00,OANDA:XAUUSD,3350.1,3359.06,3347.325,3355.385,38245.0,3361.2976293333345,,,3359.044456853334,
2025-07-14 17:30:00,OANDA:XAUUSD,3355.365,3356.425,3341.09,3343.13,38235.0,3357.664103466668,,,3352.9547447893347,
2025-07-14 18:30:00,OANDA:XAUUSD,3343.125,3349.735,3342.525,3345.16,23378.0,3355.1632827733347,,,3349.395139276801,
2025-07-14 19:30:00,OANDA:XAUUSD,3345.155,3349.44,3343.145,3347.83,14763.0,3353.696626218668,,,3347.908786177707,
2025-07-14 20:30:00,OANDA:XAUUSD,3347.89,3351.77,3347.48,3351.12,11428.0,3353.181300974935,,,3348.1387687471797,
2025-07-14 21:30:00,OANDA:XAUUSD,3351.125,3351.3,3347.955,3348.925,6567.0,3352.330040779948,,,3347.615006841754,
2025-07-14 22:30:00,OANDA:XAUUSD,3348.93,3350.525,3343.26,3344.305,11131.0,3350.725032623958,3358.36619047619,,3345.6689989486113,3358.36619047619
2025-07-14 23:30:00,OANDA:XAUUSD,3344.365,3345.725,3341.395,3343.755,4405.0,3349.331026099167,3357.0379004328997,,3344.1709939390566,3355.830364029909
2025-07-15 01:30:00,OANDA:XAUUSD,3343.085,3345.95,3341.55,3345.895,1630.0,3348.643820879334,3356.0249094844544,,3343.966030975379,3354.006248255876
2025-07-15 02:30:00,OANDA:XAUUSD,3345.88,3346.535,3343.92,3345.34,2918.0,3347.9830567034674,3355.0535540767764,,3343.71221343961,3352.335357134725
2025-07-15 03:30:00,OANDA:XAUUSD,3345.315,3349.515,3344.71,3347.62,7202.0,3347.9104453627738,3354.377776433433,,3344.435681679133,3351.2923449921655
2025-07-15 04:30:00,OANDA:XAUUSD,3347.635,3350.76,3346.1,3346.735,11346.0,3347.6753562902195,3353.682978575848,,3344.707474085263,3350.2464064859823
2025-07-15 05:30:00,OANDA:XAUUSD,3346.755,3352.16,3345.795,3350.975,10073.0,3348.3352850321758,3353.4367987053165,,3346.4889222617753,3350.0888423776823
2025-07-15 06:30:00,OANDA:XAUUSD,3351.055,3358.425,3350.9,3357.98,10956.0,3350.264228025741,3353.8498170048333,,3350.3302922042726,3351.181691524727
2025-07-15 07:30:00,OANDA:XAUUSD,3357.99,3361.44,3357.735,3360.26,7566.0,3352.263382420593,3354.432560913485,,3353.9155572792997,3352.5367594848894
2025-07-15 08:30:00,OANDA:XAUUSD,3360.285,3365.295,3360.285,3362.155,7879.0,3354.241705936475,3355.134600830441,,3357.146104636145,3354.049363092587
2025-07-15 09:30:00,OANDA:XAUUSD,3362.17,3364.32,3357.675,3358.265,13627.0,3355.0463647491797,3355.419182573128,,3358.0136107590797,3354.6913134866136
2025-07-15 10:30:00,OANDA:XAUUSD,3358.285,3365.185,3357.575,3364.4,10173.0,3356.9170917993442,3356.235620521026,,3360.787470247396,3356.3161376677376
2025-07-15 11:30:00,OANDA:XAUUSD,3364.33,3365.725,3356.6,3361.045,14350.0,3357.7426734394758,3356.672836837296,,3361.499441510022,3357.1435036218254
2025-07-15 12:30:00,OANDA:XAUUSD,3361.065,3364.725,3358.655,3363.435,11442.0,3358.8811387515807,3357.2875789429963,,3362.7973254577014,3358.2743142977506
2025-07-15 13:30:00,OANDA:XAUUSD,3363.475,3366.425,3361.285,3361.56,8839.0,3359.4169110012645,3357.675980857269,,3362.9784781659077,3358.9261056472938
2025-07-15 14:30:00,OANDA:XAUUSD,3361.505,3362.105,3354.18,3354.915,11921.0,3358.516528801012,3357.4249825975176,,3360.6454767725245,3358.33327944322
2025-07-15 15:30:00,OANDA:XAUUSD,3354.89,3360.675,3346.61,3348.915,31171.0,3356.59622304081,3356.651347815925,,3356.7631368098578,3356.7737678742064
2025-07-15 16:30:00,OANDA:XAUUSD,3348.945,3352.58,3334.38,3346.89,44904.0,3354.6549784326485,3355.7639525599316,,3353.2355137613577,3355.0685205620116
2025-07-15 17:30:00,OANDA:XAUUSD,3346.885,3352.245,3342.62,3347.955,38679.0,3353.314982746119,3355.054047781756,,3351.1074144598624,3353.776468894396
2025-07-15 18:30:00,OANDA:XAUUSD,3347.96,3349.89,3325.335,3329.02,39966.0,3348.4559861968955,3352.6873161652325,,3342.8027343285116,3349.374306616248
2025-07-15 19:30:00,OANDA:XAUUSD,3328.975,3330.42,3320.305,3329.32,22267.0,3344.6287889575165,3350.5630146956655,,3337.044429671306,3345.6200046788003
2025-07-15 20:30:00,OANDA:XAUUSD,3329.39,3331.4,3325.915,3328.185,12899.0,3341.3400311660134,3348.528649723332,,3332.6415375038423,3342.1855815513327
2025-07-15 21:30:00,OANDA:XAUUSD,3328.29,3331.99,3325.875,3328.87,12124.0,3338.846024932811,3346.7414997484834,,3329.8920250165115,3339.350392342258
2025-07-15 22:30:00,OANDA:XAUUSD,3328.85,3331.365,3326.59,3330.505,11504.0,3337.177819946249,3345.2654543168032,,3328.68005602396,3337.204406282344
2025-07-15 23:30:00,OANDA:XAUUSD,3330.52,3331.025,3324.935,3325.005,2605.0,3334.7432559569997,3343.4235948334576,,3325.9973936277684,3334.420951635453
2025-07-16 01:30:00,OANDA:XAUUSD,3326.32,3327.855,3325.635,3326.715,1341.0,3333.1376047656004,3341.9046316667796,,3324.8563939490955,3332.3395349716134
2025-07-16 02:30:00,OANDA:XAUUSD,3326.825,3331.805,3326.455,3331.1,2555.0,3332.73008381248,3340.922392424345,,3325.77909839678,3331.3339052083447
2025-07-16 03:30:00,OANDA:XAUUSD,3331.105,3332.73,3328.98,3330.54,9421.0,3332.2920670499843,3339.978538567587,,3326.380865307427,3330.4036830468967
2025-07-16 04:30:00,OANDA:XAUUSD,3330.555,3335.135,3328.915,3330.96,15592.0,3332.0256536399875,3339.158671425079,,3327.083561517944,3329.708923549444
2025-07-16 05:30:00,OANDA:XAUUSD,3330.955,3331.575,3325.21,3326.3,9159.0,3330.8805229119903,3337.989701295526,3350.2061,3326.0107446319576,3328.3363212908102
2025-07-16 06:30:00,OANDA:XAUUSD,3326.295,3335.17,3326.07,3334.465,9013.0,3331.5974183295925,3337.669273905024,3349.588801960784,3328.275112039648,3328.6021762730074
2025-07-16 07:30:00,OANDA:XAUUSD,3334.46,3338.7,3332.87,3338.295,9579.0,3332.9369346636745,3337.7261580954764,3349.1459077662435,3331.3507026989837,3329.535054966782
2025-07-16 08:30:00,OANDA:XAUUSD,3338.305,3340.0,3335.57,3338.195,10187.0,3333.98854773094,3337.7687800867966,3348.7164604028612,3333.5608526129995,3330.3610699619107
2025-07-16 09:30:00,OANDA:XAUUSD,3338.235,3342.19,3337.76,3339.24,10038.0,3335.038838184752,3337.902527351633,3348.34483450471,3335.536914453449,3331.2898338424975
2025-07-16 10:30:00,OANDA:XAUUSD,3339.23,3340.285,3336.06,3337.87,6898.0,3335.605070547802,3337.899570319666,3347.934056680996,3336.4565174531995,3331.885342555027
2025-07-16 11:30:00,OANDA:XAUUSD,3337.94,3342.775,3337.775,3342.08,6470.0,3336.900056438242,3338.2796093815145,3347.704485830761,3338.6172026749114,3333.157619651705
2025-07-16 12:30:00,OANDA:XAUUSD,3342.065,3343.08,3339.055,3340.07,7409.0,3337.5340451505936,3338.4423721650132,3347.405094229555,3339.4149531098105,3333.9339840320035
2025-07-16 13:30:00,OANDA:XAUUSD,3339.97,3340.485,3333.945,3335.01,8831.0,3337.029236120475,3338.13033833183,3346.919012102906,3338.130115263754,3333.748136544382
2025-07-16 14:30:00,OANDA:XAUUSD,3334.97,3340.34,3333.84,3339.435,12151.0,3337.5103888963804,3338.2489439380274,3346.6255214322036,3338.776014431727,3334.3729474096176
2025-07-16 15:30:00,OANDA:XAUUSD,3339.4,3341.07,3331.01,3334.61,27671.0,3336.9303111171043,3337.9181308527523,3346.154324513294,3337.4787493219605,3334.0937584766752
2025-07-16 16:30:00,OANDA:XAUUSD,3334.695,3339.6,3322.065,3326.91,43042.0,3334.926248893684,3336.91739168432,3345.399645120616,3333.761749678832,3332.5309266438576
2025-07-16 17:30:00,OANDA:XAUUSD,3326.905,3342.685,3319.695,3338.145,57739.0,3335.569999114947,3337.028992440291,3345.115149233533,3335.153399920076,3333.142752181662
2025-07-16 18:30:00,OANDA:XAUUSD,3338.25,3377.655,3335.99,3343.525,121439.0,3337.160999291958,3337.6195385820824,3345.0527904400615,3338.100520077669,3334.6234530213214
2025-07-16 19:30:00,OANDA:XAUUSD,3343.735,3355.215,3339.09,3349.17,50615.0,3339.5627994335664,3338.6695805291656,3345.214249638491,3342.2358561754218,3336.9004499712764
2025-07-16 20:30:00,OANDA:XAUUSD,3349.155,3357.35,3348.88,3354.8,28788.0,3342.6102395468533,3340.1359822992413,3345.5901614173736,3347.186637030967,3339.86077431032
2025-07-16 21:30:00,OANDA:XAUUSD,3354.83,3357.525,3349.17,3350.445,23007.0,3344.177191637483,3341.0731657265833,3345.7805472441432,3349.091871297277,3341.674961579693
2025-07-16 22:30:00,OANDA:XAUUSD,3350.475,3350.665,3346.07,3347.14,23654.0,3344.7697533099863,3341.624696115076,3345.833859116922,3349.1755463758245,3342.6731745165325
2025-07-16 23:30:00,OANDA:XAUUSD,3347.135,3349.435,3346.33,3347.6,6466.0,3345.335802647989,3342.16790555916,3345.90311954371,3349.3132765710616,3343.614894509651
2025-07-17 01:30:00,OANDA:XAUUSD,3350.96,3352.28,3348.52,3349.695,3318.0,3346.207642118392,3342.8521868719636,3346.051820738074,3350.087092833172,3344.7897052931407
2025-07-17 02:30:00,OANDA:XAUUSD,3349.79,3350.295,3345.37,3346.555,2915.0,3346.277113694714,3343.1888062472394,3346.07155325815,3349.4362515275952,3345.256204244015
2025-07-17 03:30:00,OANDA:XAUUSD,3346.54,3347.47,3339.775,3340.895,13077.0,3345.2006909557713,3342.980278406581,3345.868551169595,3346.866863030922,3344.6701603666875
2025-07-17 04:30:00,OANDA:XAUUSD,3340.85,3344.63,3337.285,3344.11,15977.0,3344.982552764617,3343.0829803696192,3345.7995883786302,3346.140979871814,3344.712602117933
2025-07-17 05:30:00,OANDA:XAUUSD,3344.065,3344.865,3337.845,3341.45,13739.0,3344.276042211694,3342.9345276087447,3345.6290162853506,3344.6375754551127,3344.281044870053
2025-07-17 06:30:00,OANDA:XAUUSD,3341.46,3342.455,3336.375,3341.59,11829.0,3343.7388337693556,3342.8122978261313,3345.4706234898467,3343.5982936102196,3343.925286443127
2025-07-17 07:30:00,OANDA:XAUUSD,3341.585,3344.845,3338.44,3342.795,8704.0,3343.5500670154847,3342.8107252964833,3345.3656970784805,3343.286621485079,3343.8211035577087
2025-07-17 08:30:00,OANDA:XAUUSD,3342.765,3342.995,3336.04,3339.56,12386.0,3342.7520536123884,3342.515204814985,3345.138022683246,3341.9028864655866,3343.1650755238275
2025-07-17 09:30:00,OANDA:XAUUSD,3339.575,3339.965,3328.29,3335.53,22694.0,3341.307642889911,3341.8801861954407,3344.761237479982,3339.4727805944876,3341.893688094803
2025-07-17 10:30:00,OANDA:XAUUSD,3335.48,3336.275,3325.16,3325.855,19421.0,3338.2171143119294,3340.4233510867643,3344.0198164023354,3334.276801613205,3339.111229987388
2025-07-17 11:30:00,OANDA:XAUUSD,3325.845,3332.18,3325.585,3328.81,14377.0,3336.335691449544,3339.3675918970584,3343.4233530140086,3331.6783030006554,3337.2149734524382
2025-07-17 12:30:00,OANDA:XAUUSD,3328.795,3332.48,3324.755,3325.65,11864.0,3334.1985531596356,3338.1205380882348,3342.7263587781654,3328.762931768598,3335.0299269487405
2025-07-17 13:30:00,OANDA:XAUUSD,3325.675,3331.205,3325.03,3325.905,13253.0,3332.5398425277085,3337.0100346256677,3342.06669764961,3326.8643769093364,3333.1908395328846
2025-07-17 14:30:00,OANDA:XAUUSD,3325.875,3328.58,3322.34,3324.26,14468.0,3330.883874022167,3335.850940568789,3341.368395780998,3325.0187267230363,3331.325223160006
2025-07-17 15:30:00,OANDA:XAUUSD,3324.255,3328.675,3309.79,3313.15,41116.0,3327.3370992177342,3333.7872186988993,3340.261792024881,3319.807561534883,3327.7968193546512
2025-07-17 16:30:00,OANDA:XAUUSD,3313.195,3321.855,3311.16,3319.16,45436.0,3325.7016793741873,3332.457471544454,3339.434270769003,3318.3697133530686,3325.8027929092787
2025-07-17 17:30:00,OANDA:XAUUSD,3319.085,3335.325,3318.365,3334.235,36735.0,3327.4083434993504,3332.619065040413,3339.2303777976695,3322.908101982586,3326.716260368398
2025-07-17 18:30:00,OANDA:XAUUSD,3334.275,3338.495,3331.295,3336.865,23767.0,3329.2996747994807,3333.005059127648,3339.1376178840355,3327.212546626173,3327.9897767778484
2025-07-17 19:30:00,OANDA:XAUUSD,3336.87,3340.07,3335.56,3338.865,16403.0,3331.212739839585,3333.5377810251343,3339.1269269866225,3331.0734893330227,3329.4627260684856
2025-07-17 20:30:00,OANDA:XAUUSD,3338.88,3341.17,3336.37,3337.525,14236.0,3332.4751918716684,3333.9002554773947,3339.0641063204803,3333.3737530920853,3330.525182291587
2025-07-17 21:30:00,OANDA:XAUUSD,3337.53,3339.025,3335.785,3338.615,14507.0,3333.703153497335,3334.3288686158135,3339.0464943079123,3335.404371774201,3331.650268572733
2025-07-17 22:30:00,OANDA:XAUUSD,3338.61,3340.86,3338.275,3339.855,11663.0,3334.933522797868,3334.831244196194,3339.0782004134844,3337.2787928597872,3332.8528583210123
2025-07-17 23:30:00,OANDA:XAUUSD,3339.795,3340.275,3337.445,3339.06,3516.0,3335.7588182382947,3335.2156765419945,3339.0774866717793,3338.295270640171,3333.7666278789206
2025-07-18 01:30:00,OANDA:XAUUSD,3341.45,3344.11,3338.325,3343.335,5625.0,3337.274054590636,3335.9537968563586,3339.2444479787687,3340.5154055940097,3335.3074983575316
2025-07-18 02:30:00,OANDA:XAUUSD,3343.315,3343.555,3339.57,3340.38,3957.0,3337.895243672509,3336.356178960326,3339.2889794305815,3340.985275740706,3336.1344367831807
2025-07-18 03:30:00,OANDA:XAUUSD,3340.335,3341.43,3337.965,3339.965,8267.0,3338.3091949380073,3336.6842536002964,3339.315490041147,3341.1123816049635,3336.7809194755923
2025-07-18 04:30:00,OANDA:XAUUSD,3339.985,3343.15,3335.335,3337.82,16639.0,3338.211355950406,3336.7875032729967,3339.2568433728666,3340.3756340938894,3336.969244680266
2025-07-18 05:30:00,OANDA:XAUUSD,3337.765,3344.325,3336.96,3337.82,14602.0,3338.133084760325,3336.8813666118153,3339.2004965739306,3339.801890323047,3337.1319163809862
2025-07-18 06:30:00,OANDA:XAUUSD,3337.85,3338.575,3334.19,3334.705,8946.0,3337.4474678082597,3336.6835151016503,3339.024202590639,3338.234018696785,3336.731422609838
2025-07-18 07:30:00,OANDA:XAUUSD,3334.68,3337.185,3333.87,3337.185,6018.0,3337.394974246608,3336.7291046378637,3338.9520769988494,3337.9822201081065,3336.8141019509553
2025-07-18 08:30:00,OANDA:XAUUSD,3337.17,3340.37,3333.445,3333.56,10329.0,3336.6279793972867,3336.4410042162394,3338.740622998894,3336.484180207028,3336.2563650266648
2025-07-18 09:30:00,OANDA:XAUUSD,3333.565,3342.81,3331.885,3342.14,15898.0,3337.7303835178295,3336.959094742036,3338.8739319008982,3338.4972674620567,3337.26223232042
2025-07-18 10:30:00,OANDA:XAUUSD,3342.135,3350.235,3340.72,3349.975,12071.0,3340.179306814264,3338.1423588563966,3339.3092679047845,3342.7519526067927,3339.493633122528
2025-07-18 11:30:00,OANDA:XAUUSD,3349.995,3350.43,3346.305,3347.635,9114.0,3341.670445451411,3339.0053262330875,3339.635767202636,3344.921472995152,3341.018273181108
2025-07-18 12:30:00,OANDA:XAUUSD,3347.705,3354.975,3347.52,3352.275,12072.0,3343.791356361129,3340.2116602118977,3340.131423390768,3348.0889071238958,3343.138279236289
2025-07-18 13:30:00,OANDA:XAUUSD,3352.28,3352.795,3347.895,3351.535,11578.0,3345.340085088904,3341.2410547380887,3340.578622473483,3350.0171086813366,3344.8374306931632
2025-07-18 14:30:00,OANDA:XAUUSD,3351.435,3357.765,3350.845,3354.33,13959.0,3347.138068071123,3342.4309588528076,3341.1178921804053,3352.3180733308445,3346.7821225526204
2025-07-18 15:30:00,OANDA:XAUUSD,3354.315,3361.33,3354.205,3360.005,19870.0,3349.711454456899,3344.0285989570975,3341.8585630752914,3355.9141677732964,3349.4366024153724
2025-07-18 16:30:00,OANDA:XAUUSD,3360.01,3360.345,3352.26,3355.675,34933.0,3350.9041635655194,3345.0873626882703,3342.4003841311624,3356.8205015055337,3350.9662419514043
2025-07-18 17:30:00,OANDA:XAUUSD,3355.615,3359.105,3351.235,3354.75,30140.0,3351.6733308524153,3345.9657842620636,3342.8846827926855,3357.021735033943,3352.1087850229064
2025-07-18 18:30:00,OANDA:XAUUSD,3354.795,3356.405,3352.445,3353.735,22092.0,3352.085664681933,3346.672076601876,3343.310185428267,3356.694255090769,3352.8987066933814
2025-07-18 19:30:00,OANDA:XAUUSD,3353.745,3357.525,3351.31,3353.705,19093.0,3352.4095317455467,3347.3114332744326,3343.7178252153935,3356.3554977235062,3353.5532394235797
2025-07-18 20:30:00,OANDA:XAUUSD,3353.72,3353.865,3350.6,3352.285,15288.0,3352.3846253964375,3347.76357570403,3344.0537928540057,3355.5214730995176,3353.8489835028886
2025-07-18 21:30:00,OANDA:XAUUSD,3352.27,3353.46,3350.185,3351.44,10961.0,3352.19570031715,3348.0977960945725,3344.3434480362016,3354.554038416184,3353.9338217213012
2025-07-18 22:30:00,OANDA:XAUUSD,3351.405,3352.89,3347.69,3348.33,10394.0,3351.4225602537203,3348.1189055405202,3344.499783407331,3352.6907186822036,3353.4435737884082
2025-07-18 23:30:00,OANDA:XAUUSD,3348.32,3351.965,3347.75,3350.095,3420.0,3351.1570482029765,3348.2985504913822,3344.719203665867,3351.959165305168,3353.3024715811553
2025-07-21 01:30:00,OANDA:XAUUSD,3348.84,3350.37,3344.905,3347.775,4250.0,3350.4806385623815,3348.250954992166,3344.839038816225,3350.581204531659,3352.756705529036
2025-07-21 02:30:00,OANDA:XAUUSD,3347.725,3349.505,3345.52,3349.14,3421.0,3350.2125108499054,3348.3317772656055,3345.007703960687,3350.078461455346,3352.5013889113416
2025-07-21 03:30:00,OANDA:XAUUSD,3349.21,3354.59,3347.725,3352.31,10473.0,3350.6320086799246,3348.6934338778233,3345.2940685112485,3350.860367428292,3352.8127686577814
2025-07-21 04:30:00,OANDA:XAUUSD,3352.305,3358.665,3351.945,3356.565,14303.0,3351.81860694394,3349.4090307980214,3345.736065824533,3352.9505725538456,3353.804423252709
2025-07-21 05:30:00,OANDA:XAUUSD,3356.645,3357.53,3352.395,3354.21,9518.0,3352.296885555152,3349.8454825436556,3346.068376968669,3353.5850809320464,3354.238068180312
2025-07-21 06:30:00,OANDA:XAUUSD,3354.2,3356.95,3351.11,3351.295,8233.0,3352.096508444122,3349.9772568578687,3346.2733425777406,3352.966763056813,3354.090311358659
2025-07-21 07:30:00,OANDA:XAUUSD,3351.325,3358.8,3350.7,3357.875,6218.0,3353.2522067552973,3350.6952335071533,3346.7283095354765,3354.87296909439,3355.0870800072216
2025-07-21 08:30:00,OANDA:XAUUSD,3357.86,3369.71,3357.735,3366.72,20830.0,3355.945765404238,3352.152030461048,3347.5122973968305,3359.3972221946647,3357.46897905556
2025-07-21 09:30:00,OANDA:XAUUSD,3366.705,3370.82,3365.41,3368.355,15754.0,3358.4276123233903,3353.6250276918618,3348.3296582832295,3363.1742552910537,3359.7977057148846
2025-07-21 10:30:00,OANDA:XAUUSD,3368.375,3370.55,3363.935,3364.77,17516.0,3359.6960898587126,3354.638206992601,3348.97437756624,3364.508186261101,3361.170804559658
2025-07-21 11:30:00,OANDA:XAUUSD,3364.8,3366.865,3363.125,3366.065,13973.0,3360.9698718869704,3355.67700635691,3349.6445980538383,3365.838574631487,3362.5600944763332
2025-07-21 12:30:00,OANDA:XAUUSD,3366.1,3366.58,3362.845,3366.305,8808.0,3362.0368975095766,3356.6431875971907,3350.2979471497665,3366.785480203275,3363.778887015103
2025-07-21 13:30:00,OANDA:XAUUSD,3366.315,3368.28,3362.915,3366.225,7987.0,3362.874518007661,3357.5142614519914,3350.922537457619,3367.3434805610873,3364.7931462453666
2025-07-21 14:30:00,OANDA:XAUUSD,3366.265,3375.765,3365.33,3375.455,17815.0,3365.390614406129,3359.1452376836287,3351.884594812222,3370.978661567644,3367.245111342731
2025-07-21 15:30:00,OANDA:XAUUSD,3375.41,3388.715,3374.635,3387.32,28858.0,3369.776491524903,3361.7065797123896,3353.2742185450766,3377.7556309491342,3371.3985939740833
2025-07-21 16:30:00,OANDA:XAUUSD,3387.34,3395.375,3383.655,3388.565,42470.0,3373.534193219923,3364.1482542839904,3354.6581707589953,3382.9236661153236,3375.178880496076
2025-07-21 17:30:00,OANDA:XAUUSD,3388.54,3401.645,3386.235,3400.355,65709.0,3378.8983545759384,3367.4397766218094,3356.4502032782502,3390.7012619770708,3380.4599116671775
2025-07-21 18:30:00,OANDA:XAUUSD,3400.375,3401.13,3395.56,3398.095,38074.0,3382.737683660751,3370.226615110736,3358.0833325614562,3395.2514728495066,3384.596591051004
2025-07-21 19:30:00,OANDA:XAUUSD,3398.075,3399.18,3393.88,3395.655,29397.0,3385.3211469286007,3372.538286464305,3359.5567312845365,3397.398948893885,3387.7034203677936
2025-07-21 20:30:00,OANDA:XAUUSD,3395.685,3395.905,3391.375,3393.335,24898.0,3386.9239175428806,3374.428896785732,3360.8813692733784,3397.868375606532,3389.934118808382
2025-07-21 21:30:00,OANDA:XAUUSD,3393.47,3395.92,3393.145,3395.565,17875.0,3388.652134034305,3376.350360714302,3362.2415116548145,3398.790273678366,3392.192802488139
2025-07-21 22:30:00,OANDA:XAUUSD,3395.575,3399.885,3395.205,3398.872,25451.0,3390.6961072274444,3378.3977824675476,3363.6780013938414,3400.441797497204,3394.6612947648955
2025-07-21 23:30:00,OANDA:XAUUSD,3398.84,3399.305,3396.805,3397.06,5813.0,3391.9688857819556,3380.0943476977704,3364.9870993783966,3400.7836608413722,3396.4216909046527
2025-07-22 01:30:00,OANDA:XAUUSD,3399.3,3401.265,3398.685,3399.525,3550.0,3393.4801086255648,3381.8607706343364,3366.3415268537537,3401.740906947985,3398.309648946562
2025-07-22 02:30:00,OANDA:XAUUSD,3399.73,3402.86,3393.175,3396.48,6599.0,3394.0800869004524,3383.1897914857605,3367.5234277614495,3401.1687081782984,3399.351517998169
2025-07-22 03:30:00,OANDA:XAUUSD,3396.505,3397.795,3390.585,3394.615,15599.0,3394.1870695203625,3384.2284468052367,3368.58584235904,3399.943552638567,3399.865157561496
2025-07-22 04:30:00,OANDA:XAUUSD,3394.61,3396.02,3385.18,3386.015,18409.0,3392.55265561629,3384.390860732033,3369.269338737117,3395.8503109875955,3398.7537013529927
2025-07-22 05:30:00,OANDA:XAUUSD,3385.98,3392.005,3385.33,3391.71,13543.0,3392.3841244930322,3385.056237029121,3370.1493646689946,3394.8874238914705,3398.718252409164
2025-07-22 06:30:00,OANDA:XAUUSD,3391.72,3393.91,3388.87,3392.52,8999.0,3392.411299594426,3385.7347609355643,3371.0266444858967,3394.4356791942914,3398.7716148323702
2025-07-22 07:30:00,OANDA:XAUUSD,3392.535,3392.535,3388.055,3391.13,6457.0,3392.155039675541,3386.2252372141493,3371.815011368803,3393.5695354203253,3398.5228101008684
2025-07-22 08:30:00,OANDA:XAUUSD,3391.15,3391.96,3384.855,3385.5,12190.0,3390.824031740433,3386.1593065583174,3372.351677589634,3390.8908219881737,3397.2789813136696
2025-07-22 09:30:00,OANDA:XAUUSD,3385.465,3388.085,3384.38,3384.745,13488.0,3389.6082253923464,3386.0307332348343,3372.837690233178,3388.6890125120694,3396.0226436274424
2025-07-22 10:30:00,OANDA:XAUUSD,3384.735,3387.66,3383.42,3387.66,11187.0,3389.2185803138773,3386.1788483953037,3373.4189572828573,3388.17149394688,3395.397053443556
2025-07-22 11:30:00,OANDA:XAUUSD,3387.675,3390.23,3386.21,3389.045,14968.0,3389.183864251102,3386.439407632094,3374.0317432717648,3388.318422307284,3395.056466073042
2025-07-22 12:30:00,OANDA:XAUUSD,3389.06,3390.68,3384.715,3386.165,11789.0,3388.580091400882,3386.414461483722,3374.507557261107,3387.4047195656512,3394.2254726587907
2025-07-22 13:30:00,OANDA:XAUUSD,3386.12,3388.75,3385.93,3387.11,7510.0,3388.2860731207056,3386.4776922579285,3375.0017707018483,3387.11056102838,3393.6360940299974
2025-07-22 14:30:00,OANDA:XAUUSD,3387.095,3391.715,3386.71,3391.46,13908.0,3388.9208584965645,3386.93062932539,3375.6471914586386,3388.4882771233906,3393.8500282704176
2025-07-22 15:30:00,OANDA:XAUUSD,3391.465,3407.935,3390.935,3407.54,29536.0,3392.644686797252,3388.804208477627,3376.8978898328096,3395.277684339262,3396.797824929686
2025-07-22 16:30:00,OANDA:XAUUSD,3407.545,3420.295,3406.42,3412.485,49457.0,3396.6127494378015,3390.957007706934,3378.2934627805425,3401.8935975838494,3400.181021962721
2025-07-22 17:30:00,OANDA:XAUUSD,3412.425,3427.805,3405.095,3426.26,58113.0,3402.5421995502415,3394.166370642667,3380.1745034558157,3411.510438157032,3405.4694408167766
2025-07-22 18:30:00,OANDA:XAUUSD,3426.255,3430.675,3423.61,3426.525,39058.0,3407.3387596401935,3397.108064220606,3381.99216998696,3418.350598597587,3410.0578494497413
2025-07-22 19:30:00,OANDA:XAUUSD,3426.545,3433.095,3426.31,3432.305,24492.0,3412.3320077121552,3400.3077856550963,3383.9652221443343,3425.1360773356396,3414.989155349301
2025-07-22 20:30:00,OANDA:XAUUSD,3432.33,3433.51,3426.49,3429.435,25621.0,3415.7526061697245,3402.9557142319054,3385.748350687694,3428.732340634567,3418.7096217510093
2025-07-22 21:30:00,OANDA:XAUUSD,3429.445,3431.06,3427.96,3429.67,19541.0,3418.53608493578,3405.384285665368,3387.4707683077845,3431.146655520498,3421.9138119858835
2025-07-22 22:30:00,OANDA:XAUUSD,3429.66,3432.63,3429.0,3431.62,26746.0,3421.152867948624,3407.76935060488,3389.202110727087,3433.334750826674,3424.964433568541
2025-07-22 23:30:00,OANDA:XAUUSD,3431.61,3432.815,3427.875,3431.56,8894.0,3423.234294358899,3409.9321369135273,3390.863204424064,3434.6449417895587,3427.5301998883533
2025-07-23 01:30:00,OANDA:XAUUSD,3430.92,3431.2,3427.495,3427.905,3299.0,3424.1684354871195,3411.5660335577522,3392.315823858414,3434.0442663342233,3429.0496332114353
2025-07-23 02:30:00,OANDA:XAUUSD,3427.92,3433.35,3426.255,3427.375,7367.0,3424.809748389696,3413.0032123252295,3393.6906935110255,3433.22346338944,3430.20391998083
2025-07-23 03:30:00,OANDA:XAUUSD,3427.265,3439.035,3427.01,3428.9,20618.0,3425.627798711757,3414.4483748411176,3395.07145062824,3433.013210969201,3431.399165906107
2025-07-23 04:30:00,OANDA:XAUUSD,3428.88,3430.72,3420.975,3421.17,25425.0,3424.736238969406,3415.0594316737433,3396.094923152623,3429.93132098148,3431.024747944303
2025-07-23 05:30:00,OANDA:XAUUSD,3421.12,3425.08,3419.21,3423.165,15065.0,3424.4219911755245,3415.796301521585,3397.1564947936968,3428.3266585500783,3430.980107083768
2025-07-23 06:30:00,OANDA:XAUUSD,3423.165,3428.775,3422.885,3423.1,18004.0,3424.15759294042,3416.4602741105314,3398.173887154728,3427.0698082519793,3430.8673451570126
2025-07-23 07:30:00,OANDA:XAUUSD,3423.06,3425.38,3422.08,3423.735,8511.0,3424.0730743523363,3417.1216128277556,3399.1762837368956,3426.335231731117,3430.8201671583965
2025-07-23 08:30:00,OANDA:XAUUSD,3423.725,3423.93,3416.445,3420.44,17223.0,3423.3464594818693,3417.4232843888685,3400.0101549629,3424.5748934885196,3430.1507624722813
2025-07-23 09:30:00,OANDA:XAUUSD,3420.415,3425.265,3419.595,3425.175,22321.0,3423.712167585496,3418.1279858080625,3400.9970116310215,3424.987481273717,3430.339058083159
2025-07-23 10:30:00,OANDA:XAUUSD,3425.11,3429.77,3419.94,3420.72,23306.0,3423.113734068397,3418.363623461875,3401.7704621552953,3423.655238205295,3429.6788143063377
2025-07-23 11:30:00,OANDA:XAUUSD,3420.82,3428.85,3420.555,3428.555,14500.0,3424.201987254718,3419.2901122380676,3402.820836188421,3425.5057931132924,3430.418911893209
2025-07-23 12:30:00,OANDA:XAUUSD,3428.565,3433.88,3428.37,3431.15,11378.0,3425.5915898037747,3420.3682838527884,3403.931783788875,3427.746316529879,3431.465530461754
2025-07-23 13:30:00,OANDA:XAUUSD,3431.145,3431.38,3421.2,3422.8,16631.0,3425.03327184302,3420.58934895708,3404.6717138363697,3426.3103988553,3430.878723241859
2025-07-23 14:30:00,OANDA:XAUUSD,3422.765,3429.93,3420.44,3428.34,17588.0,3425.694617474416,3421.293953597345,3405.599881921218,3427.2453955893566,3431.28847989284
2025-07-23 15:30:00,OANDA:XAUUSD,3428.32,3430.075,3419.925,3420.015,31196.0,3424.5586939795335,3421.1776850884958,3406.165180669406,3424.890577675579,3430.1579194399915
2025-07-23 16:30:00,OANDA:XAUUSD,3420.005,3420.65,3405.56,3413.465,46797.0,3422.3399551836274,3420.4765318986324,3406.451448094135,3420.830471103739,3428.0029693182983
2025-07-23 17:30:00,OANDA:XAUUSD,3413.44,3419.98,3410.75,3413.625,38143.0,3420.596964146902,3419.853665362393,3406.732763855149,3417.9949840536106,3426.1296388927803
2025-07-23 18:30:00,OANDA:XAUUSD,3413.63,3415.855,3398.105,3398.105,33069.0,3416.098571317522,3417.8765139658117,3406.3944201745553,3410.4182729793843,3421.784534087454
2025-07-23 19:30:00,OANDA:XAUUSD,3398.18,3398.215,3381.42,3387.47,56120.0,3410.372857054018,3415.112285423465,3405.652286050063,3401.2480469727043,3416.1520959500976
2025-07-23 20:30:00,OANDA:XAUUSD,3387.465,3394.825,3385.755,3393.38,37866.0,3406.9742856432144,3413.1366231122406,3405.171019930453,3396.9555804495208,3412.285848762612
2025-07-23 21:30:00,OANDA:XAUUSD,3393.355,3396.16,3392.065,3393.76,25088.0,3404.3314285145716,3411.375111920219,3404.723528952788,3394.202178656702,3409.0003068823553
2025-07-23 22:30:00,OANDA:XAUUSD,3393.82,3396.05,3388.595,3390.295,24822.0,3401.524142811658,3409.4587381092897,3404.1577042879726,3391.174914363031,3405.5576664285695
2025-07-23 23:30:00,OANDA:XAUUSD,3390.37,3390.61,3386.04,3387.45,6589.0,3398.709314249327,3407.4579437357174,3403.5025001982485,3388.17806864056,3402.0926109590882
2025-07-24 01:30:00,OANDA:XAUUSD,3390.855,3392.615,3386.955,3387.035,3135.0,3396.3744513994616,3405.601312487016,3402.8567158767487,3386.0815646325555,3399.0358906458064
2025-07-24 02:30:00,OANDA:XAUUSD,3387.04,3391.72,3386.66,3390.115,4721.0,3395.1225611195696,3404.1934658972873,3402.357040744327,3385.886739482131,3396.9450400509795
2025-07-24 03:30:00,OANDA:XAUUSD,3390.165,3393.37,3388.545,3391.595,10799.0,3394.4170488956556,3403.0481508157154,3401.9349999308242,3386.4639818065734,3395.4174772449155
2025-07-24 04:30:00,OANDA:XAUUSD,3391.62,3393.48,3384.07,3387.665,28013.0,3393.0666391165246,3401.649682559741,3401.3753920903996,3385.6238576219534,3393.441371808128
2025-07-24 05:30:00,OANDA:XAUUSD,3387.67,3388.885,3380.665,3383.88,22531.0,3391.2293112932202,3400.034256872492,3400.6892982829327,3383.8052238389196,3391.1035873826177
2025-07-24 06:30:00,OANDA:XAUUSD,3383.785,3385.985,3374.755,3383.835,23264.0,3389.7504490345764,3398.561597156811,3400.0283454090923,3382.6280892642203,3389.1040251517607
2025-07-24 07:30:00,OANDA:XAUUSD,3383.76,3385.41,3381.015,3382.685,13315.0,3388.337359227661,3397.118270142555,3399.348214216579,3381.5089995658436,3387.208361943186
2025-07-24 08:30:00,OANDA:XAUUSD,3382.69,3382.995,3374.515,3379.35,20450.0,3386.539887382129,3395.5029728568684,3398.5639705218114,3379.639222176249,3385.025513325
2025-07-24 09:30:00,OANDA:XAUUSD,3379.36,3379.87,3370.13,3375.885,23831.0,3384.4089099057037,3393.719520778971,3397.674599128799,3377.183595759859,3382.5732374973654
2025-07-24 10:30:00,OANDA:XAUUSD,3375.88,3377.695,3366.145,3367.705,20072.0,3381.068127924563,3391.354564344519,3396.4993207315915,3372.615251022975,3379.0716191481033
2025-07-24 11:30:00,OANDA:XAUUSD,3367.695,3374.71,3365.935,3369.795,17912.0,3378.8135023396508,3389.394603949563,3395.4520924676076,3370.24750035045,3376.446507957407
2025-07-24 12:30:00,OANDA:XAUUSD,3369.725,3370.175,3361.995,3363.7,16666.0,3375.7908018717208,3387.0587308632394,3394.206912370839,3366.519839906016,3373.1642135191664
2025-07-24 13:30:00,OANDA:XAUUSD,3363.71,3367.385,3362.205,3364.485,11127.0,3373.529641497377,3385.0065735120356,3393.0413471798256,3364.3039436253375,3370.5095965163296
2025-07-24 14:30:00,OANDA:XAUUSD,3364.465,3366.615,3361.375,3362.275,14063.0,3371.2787131979017,3382.940066829123,3391.834823761009,3362.0974122606895,3367.8823543940152
2025-07-24 15:30:00,OANDA:XAUUSD,3362.31,3365.555,3352.72,3353.48,31669.0,3367.7189705583214,3380.2618789355665,3390.3307130252833,3357.526135696887,3364.138333182235
2025-07-24 16:30:00,OANDA:XAUUSD,3353.51,3372.28,3351.465,3366.795,45726.0,3367.534176446657,3379.0376172141514,3389.407743887037,3359.2320732681783,3363.2668831461997
2025-07-24 17:30:00,OANDA:XAUUSD,3366.71,3377.475,3365.88,3373.7,39500.0,3368.767341157326,3378.552379285592,3388.791753930683,3363.1121903830776,3363.774222925127
2025-07-24 18:30:00,OANDA:XAUUSD,3373.66,3375.35,3370.355,3372.64,28148.0,3369.541872925861,3378.014890259629,3388.158351815755,3365.63737772129,3364.091576271967
2025-07-24 19:30:00,OANDA:XAUUSD,3372.635,3373.91,3366.965,3367.015,20391.0,3369.036498340689,3377.0149002360263,3387.329200764157,3365.508602508894,3363.448260225786
2025-07-24 20:30:00,OANDA:XAUUSD,3367.0,3371.915,3366.36,3370.095,18028.0,3369.2481986725516,3376.3858183963875,3386.653349753798,3366.5952422726054,3363.4806167146794
2025-07-24 21:30:00,OANDA:XAUUSD,3370.08,3373.475,3367.59,3372.01,12509.0,3369.8005589380414,3375.988016723989,3386.0791007438456,3368.120082030476,3363.8943773111646
2025-07-24 22:30:00,OANDA:XAUUSD,3372.015,3373.16,3370.08,3370.54,15357.0,3369.9484471504334,3375.4927424763537,3385.469724244087,3368.7223761942946,3364.0482755122994
2025-07-24 23:30:00,OANDA:XAUUSD,3370.65,3371.3,3367.38,3368.71,5086.0,3369.700757720347,3374.876129523958,3384.8124801560834,3368.5217494113667,3363.911511418094
2025-07-25 01:30:00,OANDA:XAUUSD,3369.45,3369.615,3365.205,3368.93,4237.0,3369.546606176278,3374.335572294507,3384.1896377970215,3368.4800782938382,3363.8763219896755
2025-07-25 02:30:00,OANDA:XAUUSD,3368.91,3371.44,3366.855,3369.435,4673.0,3369.524284941023,3373.890065722279,3383.6110245500795,3368.6532056468664,3363.976650379497
2025-07-25 03:30:00,OANDA:XAUUSD,3369.485,3373.495,3368.455,3372.255,6363.0,3370.0704279528186,3373.74142338389,3383.165690253998,3369.8104789269296,3364.5940982191896
2025-07-25 04:30:00,OANDA:XAUUSD,3372.285,3372.845,3366.47,3370.485,10791.0,3370.1533423622554,3373.4453848944454,3382.668408283253,3370.0117146690936,3364.8605088452227
2025-07-25 05:30:00,OANDA:XAUUSD,3370.525,3370.595,3362.465,3363.135,9915.0,3368.7496738898044,3372.5080771767684,3381.902392272145,3367.513436957314,3363.8515464795873
2025-07-25 06:30:00,OANDA:XAUUSD,3363.065,3363.575,3358.67,3359.245,8222.0,3366.8487391118438,3371.302342887971,3381.013867085002,3364.3390017434826,3362.3366474461723
2025-07-25 07:30:00,OANDA:XAUUSD,3359.225,3363.51,3357.925,3360.96,6877.0,3365.6709912894753,3370.362129898155,3380.227440924806,3362.7210031368913,3361.3567585966875
2025-07-25 08:30:00,OANDA:XAUUSD,3360.945,3362.425,3355.325,3358.745,8987.0,3364.2857930315804,3369.306027180141,3379.3849922610884,3360.8176439031968,3360.1592326169757
2025-07-25 09:30:00,OANDA:XAUUSD,3358.74,3359.72,3354.715,3359.39,11722.0,3363.3066344252647,3368.404570163764,3378.600874917516,3359.7487882375053,3359.2697960005444
2025-07-25 10:30:00,OANDA:XAUUSD,3359.41,3360.165,3352.78,3354.16,10447.0,3361.4773075402118,3367.1096092397856,3377.6424092344764,3357.1675690819616,3357.6280318877875
2025-07-25 11:30:00,OANDA:XAUUSD,3354.165,3355.38,3344.54,3345.555,11596.0,3358.2928460321696,3365.1500993088957,3376.3840794605753,3352.2974860591353,3354.749110869907
2025-07-25 12:30:00,OANDA:XAUUSD,3345.54,3348.985,3343.145,3345.97,7901.0,3355.828276825736,3363.4064539171777,3375.191370462121,3349.0603334821612,3352.3658777074443
2025-07-25 13:30:00,OANDA:XAUUSD,3345.945,3348.16,3341.07,3342.99,10398.0,3353.260621460589,3361.5504126519795,3373.9285716204695,3345.792142493611,3349.8262149474963
2025-07-25 14:30:00,OANDA:XAUUSD,3343.045,3345.24,3338.8,3341.1,10882.0,3350.8284971684716,3359.691284229072,3372.641176654961,3342.908014561195,3347.342805931444
2025-07-25 15:30:00,OANDA:XAUUSD,3341.09,3344.295,3336.345,3340.885,17646.0,3348.8397977347777,3357.9816220264292,3371.3958363939823,3340.912452102001,3345.2014942989103
2025-07-25 16:30:00,OANDA:XAUUSD,3340.88,3347.635,3336.94,3343.935,34742.0,3347.8588381878226,3356.704656387663,3370.3189408491203,3340.732194044037,3343.925480600131
2025-07-25 17:30:00,OANDA:XAUUSD,3343.91,3344.88,3330.625,3331.94,43426.0,3344.675070550258,3354.4533239887846,3368.813884345233,3336.426741125178,3340.7892256375026
2025-07-25 18:30:00,OANDA:XAUUSD,3331.965,3335.935,3325.115,3327.875,35634.0,3341.3150564402067,3352.037112717077,3367.2084379003218,3332.028381612101,3337.41864942345
2025-07-25 19:30:00,OANDA:XAUUSD,3327.9,3331.39,3326.245,3329.94,19451.0,3339.0400451521655,3350.0282842882516,3365.7469305316818,3329.790696259248,3334.9125645405675
2025-07-25 20:30:00,OANDA:XAUUSD,3329.93,3336.92,3329.67,3336.035,18157.0,3338.4390361217324,3348.756167534774,3364.5817567853414,3330.5587497830516,3333.8581343518995
2025-07-25 21:30:00,OANDA:XAUUSD,3336.09,3339.5,3335.995,3338.835,12787.0,3338.5182288973865,3347.854243213431,3363.5720800486615,3332.277354046965,3333.490645482324
2025-07-25 22:30:00,OANDA:XAUUSD,3338.845,3340.335,3337.195,3337.68,17620.0,3338.3505831179095,3346.9293120122097,3362.5567043604788,3333.2237666139904,3333.030649346457
2025-07-25 23:30:00,OANDA:XAUUSD,3337.61,3339.195,3336.11,3337.07,4534.0,3338.094466494328,3346.0330109201905,3361.557225758107,3333.788119992327,3332.5830438676703
2025-07-28 01:30:00,OANDA:XAUUSD,3329.475,3335.53,3324.02,3329.635,10423.0,3336.402573195463,3344.5422826547183,3360.305373767593,3331.6039813547695,3330.959832365634
2025-07-28 02:30:00,OANDA:XAUUSD,3329.615,3337.47,3329.395,3333.72,8640.0,3335.8660585563707,3343.5584387770164,3359.2628100904326,3331.5979733725417,3330.3163531708474
2025-07-28 03:30:00,OANDA:XAUUSD,3333.685,3336.13,3327.755,3333.42,11258.0,3335.376846845097,3342.6367625245603,3358.2493665574743,3331.571009329015,3329.760615380356
2025-07-28 04:30:00,OANDA:XAUUSD,3333.45,3338.815,3329.98,3332.145,17777.0,3334.730477476078,3341.6829659314185,3357.225665908162,3331.1687119679964,3329.1102898065583
2025-07-28 05:30:00,OANDA:XAUUSD,3332.16,3336.555,3330.67,3335.71,9671.0,3334.926381980862,3341.139969028562,3356.3819143039204,3332.233693178224,3329.216629912456
2025-07-28 06:30:00,OANDA:XAUUSD,3335.675,3343.42,3334.56,3343.42,7492.0,3336.62510558469,3341.34724457142,3355.873603939061,3335.8299334256417,3330.6962776866494
2025-07-28 07:30:00,OANDA:XAUUSD,3343.26,3344.175,3339.525,3339.725,5493.0,3337.2450844677523,3341.1997677922,3355.240325353215,3337.1049298469634,3331.3830008249356
2025-07-28 08:30:00,OANDA:XAUUSD,3339.67,3344.2,3338.085,3343.405,7575.0,3338.477067574202,3341.400243447454,3354.776194947207,3339.3505303627303,3332.6581604365356
2025-07-28 09:30:00,OANDA:XAUUSD,3343.385,3345.52,3335.85,3340.09,13297.0,3338.7996540593617,3341.2811304067764,3354.200265733591,3339.7564934783118,3333.225497632598
2025-07-28 10:30:00,OANDA:XAUUSD,3340.085,3342.11,3333.96,3335.11,13235.0,3338.0617232474897,3340.7201185516146,3353.4516278616857,3338.2368501331516,3332.8868052522143
2025-07-28 11:30:00,OANDA:XAUUSD,3335.055,3338.905,3332.405,3336.145,12953.0,3337.6783785979924,3340.304198683286,3352.772936572992,3337.511804386924,3332.804895803532
2025-07-28 12:30:00,OANDA:XAUUSD,3336.155,3340.85,3336.03,3337.87,11497.0,3337.7167028783942,3340.082907893896,3352.1885076877766,3337.6141029338605,3333.0641863764927
2025-07-28 13:30:00,OANDA:XAUUSD,3337.77,3338.88,3334.295,3335.98,11281.0,3337.3693623027157,3339.7099162671784,3351.552879935315,3337.0094098865457,3332.9901770452507
2025-07-28 14:30:00,OANDA:XAUUSD,3336.135,3338.475,3334.46,3336.625,9727.0,3337.2204898421724,3339.4294693337984,3350.9674728790283,3336.8134299408016,3333.065663738064
2025-07-28 15:30:00,OANDA:XAUUSD,3336.635,3338.455,3325.67,3328.46,21195.0,3335.4683918737383,3338.4322448489074,3350.084826883772,3333.741065577894,3331.740399321066
2025-07-28 16:30:00,OANDA:XAUUSD,3328.48,3330.715,3301.765,3302.3,37215.0,3328.834713498991,3335.1474953171883,3348.2109121040166,3322.1459097625175,3326.07786344486
2025-07-28 17:30:00,OANDA:XAUUSD,3302.28,3314.91,3301.82,3308.065,40696.0,3324.680770799193,3332.685450288353,3346.6365626097418,3316.0065736501756,3322.202107650932
2025-07-28 18:30:00,OANDA:XAUUSD,3308.05,3317.29,3306.725,3314.855,29927.0,3322.7156166393547,3331.0645002621386,3345.390226821124,3314.20413559227,3320.0605978406516
2025-07-28 19:30:00,OANDA:XAUUSD,3314.88,3315.01,3311.495,3312.265,19896.0,3320.6254933114838,3329.355454783762,3344.091198318335,3312.144209811519,3317.7982294202498
2025-07-28 20:30:00,OANDA:XAUUSD,3312.295,3313.31,3308.84,3310.86,17060.0,3318.672394649187,3327.67404980342,3342.7880140705574,3310.3248889193774,3315.6389313090067
2025-07-28 21:30:00,OANDA:XAUUSD,3310.855,3315.715,3310.355,3313.805,15766.0,3317.6989157193498,3326.413227094018,3341.651425283477,3310.242127991632,3314.3260078178228
2025-07-28 22:30:00,OANDA:XAUUSD,3313.795,3318.96,3313.08,3317.22,19128.0,3317.60313257548,3325.57747917638,3340.6933301743206,3311.5610758782095,3313.829327181986
2025-07-28 23:30:00,OANDA:XAUUSD,3317.215,3318.56,3314.27,3314.45,5185.0,3316.9725060603837,3324.5658901603456,3339.664179971406,3311.6343594904906,3312.9661256054105
2025-07-29 01:30:00,OANDA:XAUUSD,3313.84,3315.485,3311.92,3314.625,7375.0,3316.5030048483072,3323.6621728730415,3338.6822513450766,3311.8568866227315,3312.295371198279
2025-07-29 02:30:00,OANDA:XAUUSD,3314.66,3314.735,3310.465,3312.65,3844.0,3315.732403878646,3322.6610662482194,3337.661378743309,3311.3990285224563,3311.417513248597
2025-07-29 03:30:00,OANDA:XAUUSD,3312.65,3315.93,3308.16,3311.705,9369.0,3314.926923102917,3321.6650602256536,3336.643481537689,3310.815838197382,3310.538188387301
2025-07-29 04:30:00,OANDA:XAUUSD,3311.65,3320.965,3308.53,3318.96,14094.0,3315.7335384823336,3321.4191456596855,3335.9500116734657,3313.089962861439,3311.0802489284847
2025-07-29 05:30:00,OANDA:XAUUSD,3318.945,3320.445,3317.53,3318.955,9407.0,3316.3778307858674,3321.195132417896,3335.2835406274476,3314.7784041319783,3311.5924869879045
2025-07-29 06:30:00,OANDA:XAUUSD,3318.985,3318.985,3311.29,3312.655,9149.0,3315.633264628694,3320.4187567435415,3334.3961468773514,3313.758070379844,3310.983283012318
2025-07-29 07:30:00,OANDA:XAUUSD,3312.6,3317.54,3309.11,3316.535,7966.0,3315.8136117029553,3320.065687948674,3333.6957097449067,3314.4577339632838,3311.1670129249555
2025-07-29 08:30:00,OANDA:XAUUSD,3316.54,3320.19,3314.365,3319.975,9073.0,3316.6458893623644,3320.0574435897033,3333.157642696087,3316.2270092981544,3311.9602441508946
2025-07-29 09:30:00,OANDA:XAUUSD,3320.02,3322.4,3316.31,3317.12,18688.0,3316.7407114898915,3319.7904032633664,3332.5287155315345,3316.481465140545,3312.186548931416
2025-07-29 10:30:00,OANDA:XAUUSD,3317.075,3318.815,3311.34,3317.175,17268.0,3316.8275691919134,3319.552639330333,3331.926609040102,3316.6896582740533,3312.4238954530747
2025-07-29 11:30:00,OANDA:XAUUSD,3317.185,3330.1,3316.81,3326.435,15307.0,3318.749055353531,3320.178308482121,3331.711251822843,3320.1759155485365,3314.2664223680567
2025-07-29 12:30:00,OANDA:XAUUSD,3326.38,3328.32,3320.93,3324.63,16686.0,3319.9252442828247,3320.583007711019,3331.433555672928,3322.0076835822642,3315.57647417905
2025-07-29 13:30:00,OANDA:XAUUSD,3324.65,3326.5,3322.02,3322.095,9004.0,3320.3591954262597,3320.720461555472,3331.067337803401,3322.372307780559,3316.294025475912
2025-07-29 14:30:00,OANDA:XAUUSD,3322.14,3322.245,3315.0,3315.335,14870.0,3319.354356341008,3320.230874141338,3330.450383379739,3320.160974956246,3315.7617618743434
2025-07-29 15:30:00,OANDA:XAUUSD,3315.33,3324.675,3315.275,3323.35,20474.0,3320.1534850728067,3320.51443103758,3330.1719369726907,3321.4380829504353,3316.709380700532
2025-07-29 16:30:00,OANDA:XAUUSD,3323.37,3324.375,3312.895,3317.655,34334.0,3319.6537880582455,3320.254482761436,3329.681076699252,3320.281708748699,3316.559029476716
2025-07-29 17:30:00,OANDA:XAUUSD,3317.555,3329.745,3311.995,3328.935,36474.0,3321.510030446597,3321.0436206922145,3329.6518187894776,3323.4973609096405,3318.401515824995
2025-07-29 18:30:00,OANDA:XAUUSD,3328.99,3334.27,3319.705,3320.695,27323.0,3321.347024357278,3321.011927902013,3329.300570993812,3322.8064838562573,3318.5812027589036
2025-07-29 19:30:00,OANDA:XAUUSD,3320.77,3324.81,3319.09,3323.28,15817.0,3321.7336194858226,3321.2181162745574,3329.0644701705255,3323.210463187842,3319.1958101194978
2025-07-29 20:30:00,OANDA:XAUUSD,3323.26,3329.35,3323.105,3328.325,13099.0,3323.051895588658,3321.8641966132336,3329.0354713403085,3325.287991432542,3320.613082234703
2025-07-29 21:30:00,OANDA:XAUUSD,3328.34,3330.89,3325.355,3325.825,10321.0,3323.6065164709266,3322.224269648394,3328.9095705034338,3325.8390898518483,3321.414232063512
2025-07-29 22:30:00,OANDA:XAUUSD,3325.84,3328.805,3322.67,3325.075,13014.0,3323.9002131767415,3322.483426953085,3328.759195189574,3325.9212292461307,3321.9826266983664
2025-07-29 23:30:00,OANDA:XAUUSD,3325.105,3326.875,3324.785,3326.67,4957.0,3324.454170541393,3322.8640245028046,3328.6772659664534,3326.514149288625,3322.754749316441
2025-07-30 01:30:00,OANDA:XAUUSD,3327.68,3329.17,3325.965,3327.69,1792.0,3325.1013364331147,3323.302749548004,3328.638549654044,3327.2670521442774,3323.6022494196736
2025-07-30 02:30:00,OANDA:XAUUSD,3327.7,3328.385,3326.25,3327.56,2717.0,3325.5930691464923,3323.6897723163675,3328.5962535891795,3327.7190278861244,3324.3138838073064
2025-07-30 03:30:00,OANDA:XAUUSD,3327.57,3333.765,3327.33,3330.305,8183.0,3326.535455317194,3324.291156651243,3328.663263252349,3328.9901312454613,3325.4052437656196
2025-07-30 04:30:00,OANDA:XAUUSD,3330.205,3333.355,3321.795,3323.255,17037.0,3325.8793642537557,3324.196960592039,3328.451174497355,3327.3182321456184,3325.1241342785597
2025-07-30 05:30:00,OANDA:XAUUSD,3323.24,3332.46,3323.24,3329.465,12511.0,3326.5964914030046,3324.6758732654903,3328.490932360204,3328.3212874358937,3325.9541335927374
2025-07-30 06:30:00,OANDA:XAUUSD,3329.41,3329.97,3326.285,3328.44,5433.0,3326.965193122404,3325.018066604991,3328.488935012745,3328.639991324234,3326.4912063020347
2025-07-30 07:30:00,OANDA:XAUUSD,3328.445,3329.875,3325.845,3327.19,5534.0,3327.0101544979234,3325.215515095446,3328.4379963847946,3328.385962159803,3326.7342316295353
2025-07-30 08:30:00,OANDA:XAUUSD,3327.195,3330.77,3324.56,3324.96,9754.0,3326.600123598339,3325.1922864504054,3328.301604369705,3327.372745008175,3326.551820894995
2025-07-30 09:30:00,OANDA:XAUUSD,3324.965,3327.66,3323.15,3327.345,14027.0,3326.7490988786712,3325.3879876821866,3328.2640904728537,3327.4863762308055,3326.8018382970695
2025-07-30 10:30:00,OANDA:XAUUSD,3327.37,3332.31,3325.66,3327.775,12410.0,3326.954279102937,3325.604988801988,3328.2449104543102,3327.7082451640567,3327.0875812880645
2025-07-30 11:30:00,OANDA:XAUUSD,3327.875,3333.485,3327.585,3332.285,10621.0,3328.02042328235,3326.2122625472616,3328.403345338455,3329.476511474775,3328.112140939398
2025-07-30 12:30:00,OANDA:XAUUSD,3332.24,3334.09,3329.425,3331.335,9855.0,3328.6833386258804,3326.677965952056,3328.5183121879277,3330.378541454645,3328.8284948583573
2025-07-30 13:30:00,OANDA:XAUUSD,3331.255,3333.085,3326.725,3328.515,15292.0,3328.6496709007047,3326.844969047324,3328.5181822982054,3329.9788989835756,3328.951816321478
2025-07-30 14:30:00,OANDA:XAUUSD,3328.505,3331.68,3324.045,3330.93,17701.0,3329.105736720564,3327.216335497567,3328.6127633845504,3330.533971842748,3329.4692570652005
2025-07-30 15:30:00,OANDA:XAUUSD,3330.94,3331.965,3310.815,3313.38,28504.0,3325.9605893764515,3325.95848681597,3328.0154001145684,3324.5870595989086,3326.863098530549
2025-07-30 16:30:00,OANDA:XAUUSD,3313.375,3316.28,3298.425,3303.135,49047.0,3321.3954715011614,3323.8836243781543,3327.0396981492913,3316.6445533788947,3322.8197600843027
2025-07-30 17:30:00,OANDA:XAUUSD,3303.12,3308.455,3301.355,3302.205,32541.0,3317.5573772009293,3321.9128403437767,3326.0657884179464,3310.68616726293,3319.1540691362957
2025-07-30 18:30:00,OANDA:XAUUSD,3302.22,3303.425,3288.605,3290.445,29216.0,3312.1349017607436,3319.0521275852516,3324.6688947544976,3302.2999534581954,3313.9435057979736
2025-07-30 19:30:00,OANDA:XAUUSD,3290.45,3298.69,3290.02,3298.175,16263.0,3309.3429214085954,3317.1542068956833,3323.629918489615,3299.241378484838,3310.784622825823
2025-07-30 20:30:00,OANDA:XAUUSD,3298.2,3302.58,3297.81,3302.485,16682.0,3307.9713371268763,3315.8206426324396,3322.8007059998263,3298.792835362495,3308.8177805114365
2025-07-30 21:30:00,OANDA:XAUUSD,3302.47,3305.19,3279.78,3280.39,48005.0,3302.455069701501,3312.5996751203998,3321.1375410586566,3290.6992543496963,3303.305284544906
2025-07-30 22:30:00,OANDA:XAUUSD,3280.43,3282.77,3268.12,3269.4,47744.0,3295.844055761201,3308.6724319276364,3319.1086178798855,3281.150592327517,3296.6527648655847
2025-07-30 23:30:00,OANDA:XAUUSD,3269.405,3276.435,3268.94,3275.29,10769.0,3291.7332446089613,3305.63766538876,3317.3902407081255,3276.689824940222,3291.9518166606435
2025-07-31 01:30:00,OANDA:XAUUSD,3277.29,3279.97,3276.285,3278.915,3965.0,3289.169595687169,3303.2083321716,3315.88140773918,3275.0839408147435,3288.558166766803
2025-07-31 02:30:00,OANDA:XAUUSD,3278.91,3285.91,3277.74,3285.41,5067.0,3288.4176765497355,3301.590301974182,3314.6864505729377,3276.547617341848,3286.8010332448953
2025-07-31 03:30:00,OANDA:XAUUSD,3285.405,3288.485,3282.875,3286.475,11373.0,3288.0291412397887,3300.216183612892,3313.5801191779206,3278.222265625521,3285.522195348732
2025-07-31 04:30:00,OANDA:XAUUSD,3286.48,3293.99,3285.04,3293.86,16534.0,3289.195312991831,3299.6383487389926,3312.8067811709434,3282.2827499020505,3285.7548731589386
2025-07-31 05:30:00,OANDA:XAUUSD,3293.91,3297.655,3290.575,3297.455,9768.0,3290.847250393465,3299.439862489993,3312.2047505367887,3286.638749842947,3286.6380790090357
2025-07-31 06:30:00,OANDA:XAUUSD,3297.445,3298.76,3293.56,3294.94,9138.0,3291.6658003147722,3299.030784081812,3311.5277014961302,3288.9538398114037,3287.0209096371404
2025-07-31 07:30:00,OANDA:XAUUSD,3294.915,3298.51,3293.77,3298.15,7068.0,3292.962640251818,3298.950712801647,3311.0030857511842,3291.830543798759,3287.959853051796
2025-07-31 08:30:00,OANDA:XAUUSD,3298.13,3301.96,3294.83,3299.87,9167.0,3294.3441122014547,3299.0342843651333,3310.5664941530986,3294.543612598717,3289.1185678320744
2025-07-31 09:30:00,OANDA:XAUUSD,3299.865,3305.135,3298.14,3299.125,15329.0,3295.300289761164,3299.0425312410302,3310.1178081078792,3296.224832126741,3290.0357406436106
2025-07-31 10:30:00,OANDA:XAUUSD,3299.14,3309.88,3298.125,3304.765,11746.0,3297.1932318089316,3299.5627556736636,3309.907894064433,3299.447219339607,3291.8476955238575
2025-07-31 11:30:00,OANDA:XAUUSD,3304.8,3314.985,3303.785,3309.915,12172.0,3299.7375854471456,3300.5038687942397,3309.908172728573,3303.5762583822566,3294.345735131303
2025-07-31 12:30:00,OANDA:XAUUSD,3309.92,3313.13,3304.97,3306.79,13024.0,3301.148068357717,3301.0753352674906,3309.7858914450994,3305.3473930342625,3295.996546913231
2025-07-31 13:30:00,OANDA:XAUUSD,3306.755,3308.24,3293.785,3296.35,17665.0,3300.188454686174,3300.6457593340824,3309.2589937413704,3302.7802234901756,3295.638155436203
2025-07-31 14:30:00,OANDA:XAUUSD,3296.36,3307.875,3295.31,3306.275,20664.0,3301.4057637489395,3301.1575084855294,3309.141974378964,3304.4530260423535,3297.0703678069544
2025-07-31 15:30:00,OANDA:XAUUSD,3306.27,3311.285,3304.08,3307.685,21981.0,3302.661610999152,3301.750916805027,3309.0848381288083,3306.1040986340527,3298.574796478593
2025-07-31 16:30:00,OANDA:XAUUSD,3307.69,3310.455,3300.72,3301.39,34276.0,3302.4072887993216,3301.718106186388,3308.783079770816,3304.9578211473777,3298.800896236322
2025-07-31 17:30:00,OANDA:XAUUSD,3301.37,3303.31,3291.425,3296.19,43655.0,3301.1638310394574,3301.2155510785346,3308.289233505294,3302.209490710011,3298.1066737531532
2025-07-31 18:30:00,OANDA:XAUUSD,3296.185,3299.145,3291.385,3295.505,32034.0,3300.032064831566,3300.696410071395,3307.78789101489,3299.9631796016956,3297.3982115872845
2025-07-31 19:30:00,OANDA:XAUUSD,3295.525,3297.475,3289.7,3295.14,27246.0,3299.0536518652534,3300.191281883086,3307.291895288816,3298.2158133083067,3296.733712180887
2025-07-31 20:30:00,OANDA:XAUUSD,3295.08,3298.495,3294.175,3294.995,22280.0,3298.241921492203,3299.7188926209874,3306.8096641010193,3296.9222663482046,3296.146202653444
2025-07-31 21:30:00,OANDA:XAUUSD,3295.02,3297.22,3292.895,3295.745,19741.0,3297.7425371937625,3299.357629655443,3306.375755704901,3296.287305639811,3295.7813088071816
2025-07-31 22:30:00,OANDA:XAUUSD,3295.69,3296.385,3290.575,3291.025,18316.0,3296.39902975501,3298.6001178685847,3305.7737652851015,3294.1600385608467,3294.660270018476
2025-07-31 23:30:00,OANDA:XAUUSD,3290.995,3293.825,3289.91,3290.12,4698.0,3295.143223804008,3297.8291980623494,3305.1598921366663,3292.3473860878757,3293.5466820111274
2025-08-01 01:30:00,OANDA:XAUUSD,3291.675,3295.33,3290.19,3295.105,1673.0,3295.1355790432067,3297.5815436930448,3304.765582641111,3292.89279306166,3293.4632069471118
2025-08-01 02:30:00,OANDA:XAUUSD,3295.165,3295.165,3288.125,3288.645,4042.0,3293.837463234566,3296.7691306300403,3304.133402929695,3291.0047418024155,3292.2866308037333
2025-08-01 03:30:00,OANDA:XAUUSD,3288.585,3293.945,3286.61,3290.265,6766.0,3293.1229705876526,3296.177846027309,3303.589543991276,3290.2851993244017,3291.5653147281832
2025-08-01 04:30:00,OANDA:XAUUSD,3290.21,3293.53,3281.745,3283.855,11263.0,3291.2693764701226,3295.0575872975537,3302.8156403053435,3287.5162841654974,3289.845959998571
2025-08-01 05:30:00,OANDA:XAUUSD,3283.79,3292.425,3283.465,3291.785,10139.0,3291.372501176098,3294.7600793614124,3302.3830661757224,3288.452527097178,3289.7517746022086
2025-08-01 06:30:00,OANDA:XAUUSD,3291.77,3297.19,3290.655,3291.505,6051.0,3291.3990009408785,3294.4641630558294,3301.9564753453024,3289.084221489567,3289.642143906023
2025-08-01 07:30:00,OANDA:XAUUSD,3291.52,3295.535,3290.115,3292.19,5350.0,3291.557200752703,3294.2574209598447,3301.573476312153,3289.8319370411127,3289.6858198273076
2025-08-01 08:30:00,OANDA:XAUUSD,3292.2,3300.54,3291.835,3296.695,7566.0,3292.5847606021625,3294.479019054404,3301.382163515598,3292.0265975124576,3290.5244708380606
2025-08-01 09:30:00,OANDA:XAUUSD,3296.695,3297.7,3290.605,3292.515,11737.0,3292.57080848173,3294.3004718676398,3301.034431613026,3292.11311631362,3290.543112410269
2025-08-01 10:30:00,OANDA:XAUUSD,3292.51,3293.535,3285.265,3286.84,9059.0,3291.424646785384,3293.6222471523997,3300.4777872360446,3290.141563693819,3289.5898979045714
2025-08-01 11:30:00,OANDA:XAUUSD,3286.695,3294.495,3285.33,3294.36,9195.0,3292.0117174283077,3293.6893155930907,3300.2378740111017,3291.454907469394,3290.08451485933
2025-08-01 12:30:00,OANDA:XAUUSD,3294.375,3296.44,3292.825,3294.555,9470.0,3292.5203739426465,3293.768014175537,3300.015016206745,3292.481851186986,3290.5624667652505
2025-08-01 13:30:00,OANDA:XAUUSD,3294.485,3303.18,3293.32,3298.34,9508.0,3293.6842991541175,3294.183649250488,3299.9493292966768,3294.584621118766,3291.6473653092744
2025-08-01 14:30:00,OANDA:XAUUSD,3298.36,3301.5,3297.03,3300.495,12263.0,3295.046439323294,3294.7574084095345,3299.970728147787,3296.856409030354,3292.9732949712006
2025-08-01 15:30:00,OANDA:XAUUSD,3300.51,3345.275,3297.52,3341.26,47066.0,3304.2891514586354,3298.9849167359407,3301.5899152792467,3313.131296932556,3301.2061848160065
2025-08-01 16:30:00,OANDA:XAUUSD,3341.275,3354.875,3338.89,3342.325,57422.0,3311.896321166909,3302.9249243054005,3303.187369582022,3325.0557733126634,3308.5260839867874
2025-08-01 17:30:00,OANDA:XAUUSD,3342.495,3355.182,3341.33,3345.88,48116.0,3318.6930569335273,3306.8299311867277,3304.8615903827267,3334.6580072634256,3315.471900789195
2025-08-01 18:30:00,OANDA:XAUUSD,3345.87,3351.295,3341.615,3348.635,32476.0,3324.681445546822,3310.630391987934,3306.578194681443,3342.2441167013767,3321.94169235491
2025-08-01 19:30:00,OANDA:XAUUSD,3348.63,3349.53,3340.63,3347.4,22951.0,3329.225156437458,3313.973083625395,3308.179049791975,3346.91026207361,3327.2948945385187
2025-08-01 20:30:00,OANDA:XAUUSD,3347.31,3349.49,3345.715,3348.25,21110.0,3333.0301251499664,3317.089166932177,3309.750459604055,3350.2221846288944,3332.0327071320917
2025-08-01 21:30:00,OANDA:XAUUSD,3348.245,3351.325,3345.905,3347.665,18263.0,3335.9571001199733,3319.868788120161,3311.2373043254647,3352.052327679121,3335.980753018251
2025-08-01 22:30:00,OANDA:XAUUSD,3347.67,3361.335,3347.66,3357.185,23220.0,3340.202680095979,3323.2611710183282,3313.039174744074,3356.4753261241012,3340.9923962876537
2025-08-01 23:30:00,OANDA:XAUUSD,3357.2,3363.6,3357.06,3362.895,6081.0,3344.7411440767833,3326.864246380298,3314.994305146267,3361.3900320839243,3346.259065136021
2025-08-04 01:30:00,OANDA:XAUUSD,3364.795,3364.815,3357.815,3359.34,6586.0,3347.660915261427,3329.8165876184526,3316.733352003276,3363.315842614855,3350.132187612887
2025-08-04 02:30:00,OANDA:XAUUSD,3359.425,3362.24,3354.68,3362.215,4426.0,3350.571732209142,3332.761897834957,3318.5169460423635,3365.424327650056,3353.9081798449015
2025-08-04 03:30:00,OANDA:XAUUSD,3362.205,3362.5,3350.2,3352.265,8181.0,3350.9103857673135,3334.5349071226883,3319.8403991387413,3363.0633849665824,3355.3706264842117
2025-08-04 04:30:00,OANDA:XAUUSD,3352.2,3353.75,3345.005,3352.355,10280.0,3351.199308613851,3336.15491556608,3321.115481525457,3361.1528462504957,3356.569213570548
2025-08-04 05:30:00,OANDA:XAUUSD,3352.335,3355.4,3350.335,3354.4,6948.0,3351.839446891081,3337.813559605527,3322.420756759753,3360.3143876221807,3357.879870554541
2025-08-04 06:30:00,OANDA:XAUUSD,3354.55,3360.925,3354.43,3360.35,6297.0,3353.541557512865,3339.8623269141153,3323.908178063293,3361.6831985951717,3359.9669435119354
2025-08-04 07:30:00,OANDA:XAUUSD,3360.335,3362.25,3358.77,3359.0,4641.0,3354.633246010292,3341.6021153764686,3325.2843279431636,3362.0199096740794,3361.4606654311715
2025-08-04 08:30:00,OANDA:XAUUSD,3359.015,3361.02,3355.54,3357.68,4672.0,3355.242596808234,3343.063741251335,3326.5547464551964,3361.6394083776167,3362.4457193691255
2025-08-04 09:30:00,OANDA:XAUUSD,3357.695,3362.705,3353.57,3362.62,12001.0,3356.7180774465874,3344.841582955759,3327.9690701236204,3363.0159112127762,3364.0777827941356
2025-08-04 10:30:00,OANDA:XAUUSD,3362.64,3362.64,3351.775,3355.905,13229.0,3356.55546195727,3345.8473481415986,3329.0645967854393,3361.463636578767,3364.24913452725
2025-08-04 11:30:00,OANDA:XAUUSD,3355.985,3359.93,3354.09,3358.605,10258.0,3356.965369565816,3347.0071346741806,3330.2230439703244,3361.2198353498507,3364.790382781666
2025-08-04 12:30:00,OANDA:XAUUSD,3358.62,3361.86,3356.88,3358.045,12083.0,3357.1812956526533,3348.010576976528,3331.3141010695276,3360.75760914935,3365.089386440012
2025-08-04 13:30:00,OANDA:XAUUSD,3358.05,3358.835,3352.89,3357.965,10542.0,3357.338036522123,3348.9155245241163,3332.359234360919,3360.3244800150555,3365.2643945341824
2025-08-04 14:30:00,OANDA:XAUUSD,3358.0,3370.785,3357.84,3370.41,14122.0,3359.9524292176984,3350.8695677491964,3333.8514212487257,3364.433098168505,3367.5085797811475
2025-08-04 15:30:00,OANDA:XAUUSD,3370.57,3371.595,3361.175,3367.815,19939.0,3361.524943374159,3352.4100615901784,3335.1833262977957,3366.367489859973,3368.9368851110266
2025-08-04 16:30:00,OANDA:XAUUSD,3367.81,3385.535,3367.075,3383.315,34255.0,3365.8829546993275,3355.2196014456167,3337.0708429135684,3373.243400948113,3372.7981136058775
2025-08-04 17:30:00,OANDA:XAUUSD,3383.355,3384.695,3371.91,3374.035,28351.0,3367.5133637594618,3356.930092223288,3338.5204177012715,3374.7060480065975,3374.4655494395893
2025-08-04 18:30:00,OANDA:XAUUSD,3374.02,3376.17,3370.82,3374.37,20408.0,3368.88469100757,3358.515538384807,3339.9262836737707,3375.7359002037647,3375.898177819189
2025-08-04 19:30:00,OANDA:XAUUSD,3374.365,3378.24,3370.625,3370.97,17915.0,3369.301752806056,3359.647762168006,3341.143684314015,3375.1163696018,3376.479456002171
2025-08-04 20:30:00,OANDA:XAUUSD,3370.965,3374.415,3370.705,3374.09,12818.0,3370.259402244845,3360.9606928800054,3342.4356966938576,3375.677215232472,3377.455806103791
2025-08-04 21:30:00,OANDA:XAUUSD,3374.095,3376.915,3373.32,3375.835,11989.0,3371.3745217958763,3362.312902618187,3343.7454732940982,3376.600867826802,3378.537741674521
2025-08-04 22:30:00,OANDA:XAUUSD,3375.845,3377.205,3374.58,3376.145,9517.0,3372.3286174367013,3363.570366016533,3345.0160429688394,3377.272970774102,3379.463368248061
2025-08-04 23:30:00,OANDA:XAUUSD,3376.09,3377.045,3373.405,3373.635,2732.0,3372.589893949361,3364.485332742303,3346.1383550092773,3376.754397829409,3379.7653045216643
2025-08-05 01:30:00,OANDA:XAUUSD,3376.195,3376.52,3373.76,3374.86,1691.0,3373.043915159489,3365.4284843111845,3347.2646940285217,3376.73873523163,3380.1767782641327
2025-08-05 02:30:00,OANDA:XAUUSD,3374.825,3379.785,3374.825,3377.385,3661.0,3373.9121321275916,3366.515440282895,3348.4458824979915,3377.562561759786,3380.9111220325844
2025-08-05 03:30:00,OANDA:XAUUSD,3377.4,3381.46,3375.925,3379.875,5499.0,3375.1047057020733,3367.7299457117224,3349.678396909835,3378.9791082674137,3381.92102496492
2025-08-05 04:30:00,OANDA:XAUUSD,3379.9,3382.37,3377.875,3379.1,8298.0,3375.903764561659,3368.7635870106565,3350.832185266312,3379.6425337016,3382.6042420580493
2025-08-05 05:30:00,OANDA:XAUUSD,3379.055,3381.405,3373.71,3373.71,7097.0,3375.4650116493276,3369.2132609187784,3351.729354471555,3378.105024631415,3382.204469060155
2025-08-05 06:30:00,OANDA:XAUUSD,3373.695,3375.515,3372.145,3372.2,4442.0,3374.8120093194625,3369.4847826534346,3352.532124884435,3376.4016178412403,3381.5418098134646
2025-08-05 07:30:00,OANDA:XAUUSD,3372.17,3373.255,3371.025,3371.27,2745.0,3374.10360745557,3369.6470751394863,3353.2669435164175,3374.808572781878,3380.7555475450154
2025-08-05 08:30:00,OANDA:XAUUSD,3371.21,3374.18,3367.765,3374.14,8335.0,3374.110885964456,3370.055522854079,3354.085494751068,3374.680681032611,3380.5254502360076
2025-08-05 09:30:00,OANDA:XAUUSD,3374.1,3374.195,3365.79,3366.285,9497.0,3372.545708771565,3369.712748049162,3354.5639067216143,3371.7494030717758,3378.9192503919003
2025-08-05 10:30:00,OANDA:XAUUSD,3366.275,3375.51,3366.16,3373.71,14881.0,3372.7785670172525,3370.0761345901474,3355.3147339090024,3372.3278090539707,3378.7760335753505
2025-08-05 11:30:00,OANDA:XAUUSD,3373.71,3374.66,3366.09,3366.13,11961.0,3371.4488536138024,3369.7173950819524,3355.7388619910025,3370.024476520417,3377.300267333778
2025-08-05 12:30:00,OANDA:XAUUSD,3366.12,3366.32,3358.955,3359.66,12431.0,3369.091082891042,3368.8030864381385,3355.892632109002,3366.065364638125,3374.8654169908764
2025-08-05 13:30:00,OANDA:XAUUSD,3359.68,3361.79,3353.035,3353.225,12566.0,3365.9178663128337,3367.386896761944,3355.78801908512,3360.9587184479333,3371.6106611951654
2025-08-05 14:30:00,OANDA:XAUUSD,3353.19,3354.465,3349.89,3351.455,12640.0,3363.0252930502675,3365.938542510858,3355.6180967680566,3356.743916148294,3368.4616426764355
2025-08-05 15:30:00,OANDA:XAUUSD,3351.435,3367.005,3349.97,3366.22,19288.0,3363.6642344402144,3365.9641295553256,3356.033857679113,3359.150286030593,3368.2811179280943
2025-08-05 16:30:00,OANDA:XAUUSD,3366.225,3379.825,3365.955,3373.66,25668.0,3365.6633875521716,3366.6637541412047,3356.7250789465993,3363.6515513140403,3369.4061295581573
2025-08-05 17:30:00,OANDA:XAUUSD,3374.2,3386.66,3370.625,3385.29,40272.0,3369.5887100417376,3368.357049219277,3357.8452719290854,3371.1194990428853,3372.389476942027
2025-08-05 18:30:00,OANDA:XAUUSD,3385.285,3390.245,3382.32,3389.555,19326.0,3373.5819680333902,3370.2841356538884,3359.0887906769644,3378.00120562763,3375.7018757969445
2025-08-05 19:30:00,OANDA:XAUUSD,3389.565,3390.6,3377.005,3382.11,15152.0,3375.2875744267126,3371.359214230808,3359.9915831994363,3380.187449616762,3377.261776703513
2025-08-05 20:30:00,OANDA:XAUUSD,3382.14,3382.915,3379.035,3380.205,13404.0,3376.2710595413705,3372.163376573462,3360.7842662112234,3380.977747785136,3378.2603991328792
2025-08-05 21:30:00,OANDA:XAUUSD,3380.21,3381.27,3378.545,3380.13,10532.0,3377.0428476330962,3372.8876150667834,3361.542922438234,3381.425628701489,3379.088761478364
2025-08-05 22:30:00,OANDA:XAUUSD,3380.125,3381.455,3378.265,3379.135,9740.0,3377.4612781064775,3373.455559151621,3362.2328078328137,3381.3022473398964,3379.609277784729
2025-08-05 23:30:00,OANDA:XAUUSD,3379.13,3381.125,3378.56,3380.96,2107.0,3378.161022485182,3374.137781046928,3362.9672075256444,3381.7935933748804,3380.352272436396
2025-08-06 01:30:00,OANDA:XAUUSD,3381.475,3381.505,3378.245,3379.83,1614.0,3378.4948179881458,3374.6552554972072,3363.628493505031,3381.6679111022754,3380.7752244424323
2025-08-06 02:30:00,OANDA:XAUUSD,3379.815,3384.09,3379.14,3383.345,3452.0,3379.464854390517,3375.445232270188,3364.4016898381674,3382.7793580037173,3381.727001104921
2025-08-06 03:30:00,OANDA:XAUUSD,3383.38,3385.365,3380.945,3383.505,6886.0,3380.2728835124135,3376.177938427444,3365.1508392562787,3383.570909700491,3382.5547338747065
2025-08-06 04:30:00,OANDA:XAUUSD,3383.5,3383.715,3373.22,3376.285,11516.0,3379.475306809931,3376.1876712976764,3365.5874730109344,3381.475666398407,3381.993606131762
2025-08-06 05:30:00,OANDA:XAUUSD,3376.26,3377.935,3374.28,3376.335,6630.0,3378.847245447945,3376.2010648160694,3366.0089446575644,3379.9450840291365,3381.4913633183232
2025-08-06 06:30:00,OANDA:XAUUSD,3376.35,3378.43,3373.515,3374.75,4167.0,3378.0277963583567,3376.06914983279,3366.3517311415817,3378.2505079516386,3380.7585893954943
2025-08-06 07:30:00,OANDA:XAUUSD,3374.73,3376.585,3372.315,3372.56,2974.0,3376.9342370866857,3375.7501362116273,3366.5951926654416,3376.237558943974,3379.7232507039375
2025-08-06 08:30:00,OANDA:XAUUSD,3372.5,3374.795,3370.795,3374.395,6283.0,3376.4263896693487,3375.62694201057,3366.9010674628753,3375.46276922131,3379.126869548073
2025-08-06 09:30:00,OANDA:XAUUSD,3374.39,3378.845,3373.22,3375.215,9140.0,3376.1841117354793,3375.5894927368818,3367.227104032959,3375.2193930299527,3378.737200249441
2025-08-06 10:30:00,OANDA:XAUUSD,3375.22,3377.27,3369.1,3373.685,10559.0,3375.6842893883836,3375.416357033529,3367.480354855196,3374.5126565462856,3378.1205132237164
2025-08-06 11:30:00,OANDA:XAUUSD,3373.645,3374.86,3364.7,3365.205,11321.0,3373.5884315107073,3374.4880518486625,3367.391125253031,3370.974438934888,3376.1024618534993
2025-08-06 12:30:00,OANDA:XAUUSD,3365.17,3367.965,3358.255,3358.93,11204.0,3370.656745208566,3373.073683498784,3367.059316419579,3366.220202106197,3373.255539548746
2025-08-06 13:30:00,OANDA:XAUUSD,3358.94,3365.585,3358.295,3363.77,12210.0,3369.279396166853,3372.227894089803,3366.930323618811,3364.6282824515874,3371.6243183088773
2025-08-06 14:30:00,OANDA:XAUUSD,3363.705,3367.05,3360.885,3365.27,8763.0,3368.4775169334825,3371.595358263457,3366.865212888662,3364.1151225745734,3370.4716204386646
2025-08-06 15:30:00,OANDA:XAUUSD,3365.265,3369.35,3360.265,3367.615,16655.0,3368.3050135467865,3371.2335075122337,3366.894616304793,3364.677095350302,3369.8829724431284
2025-08-06 16:30:00,OANDA:XAUUSD,3367.6,3373.625,3365.22,3371.75,30375.0,3368.9940108374294,3371.280461374758,3367.085023508527,3366.6428741127556,3370.0953875505934
2025-08-06 17:30:00,OANDA:XAUUSD,3371.735,3379.4,3369.48,3379.31,23294.0,3371.057208669944,3372.010419431598,3367.5644343513295,3370.826857556216,3371.5966778249394
2025-08-06 18:30:00,OANDA:XAUUSD,3379.305,3380.09,3370.33,3377.555,23972.0,3372.3567669359554,3372.5144722105438,3367.9562212395126,3373.2121326577817,3372.5965732762593
2025-08-06 19:30:00,OANDA:XAUUSD,3377.565,3379.465,3372.95,3376.175,17911.0,3373.1204135487646,3372.8472474641308,3368.2785262889433,3374.4156234164725,3373.224407754406
2025-08-06 20:30:00,OANDA:XAUUSD,3376.18,3377.74,3370.925,3374.585,23536.0,3373.413330839012,3373.0052249673918,3368.5258389834944,3374.6838325653757,3373.4917138706064
2025-08-06 21:30:00,OANDA:XAUUSD,3374.595,3374.64,3369.07,3371.655,18160.0,3373.0616646712097,3372.8824772430835,3368.6485511802202,3373.796733118059,3373.2131510420895
2025-08-06 22:30:00,OANDA:XAUUSD,3371.645,3373.275,3370.345,3371.78,16773.0,3372.805331736968,3372.782252039167,3368.7713530947212,3373.188320147054,3372.9917507619757
2025-08-06 23:30:00,OANDA:XAUUSD,3371.71,3372.215,3367.26,3369.27,5793.0,3372.0982653895744,3372.4629563992426,3368.7909078753205,3371.839003039728,3372.363141020047
2025-08-07 01:30:00,OANDA:XAUUSD,3372.44,3374.71,3370.05,3372.0,4490.0,3372.07861231166,3372.4208694538565,3368.916754625308,3371.855479969451,3372.2918673406007
2025-08-07 02:30:00,OANDA:XAUUSD,3371.9,3371.9,3367.77,3370.21,6393.0,3371.704889849328,3372.2198813216874,3368.967470130198,3371.2274060056952,3371.919890189483
2025-08-07 03:30:00,OANDA:XAUUSD,3370.215,3374.84,3365.305,3372.385,30168.0,3371.8409118794625,3372.234892110625,3369.101490909406,3371.5677424286637,3371.9758190712914
2025-08-07 04:30:00,OANDA:XAUUSD,3372.375,3382.485,3370.215,3382.42,29120.0,3373.95672950357,3373.160811009659,3369.623785383547,3375.4308480422164,3373.7670345184774
2025-08-07 05:30:00,OANDA:XAUUSD,3382.425,3384.3,3378.255,3379.725,11768.0,3375.1103836028565,3373.7575554633263,3370.0199114469374,3377.2126017132027,3374.8511627019498
2025-08-07 06:30:00,OANDA:XAUUSD,3379.765,3380.345,3376.525,3379.74,12532.0,3376.0363068822853,3374.3014140575697,3370.401091390195,3378.458819994105,3375.7900193601763
2025-08-07 07:30:00,OANDA:XAUUSD,3379.76,3380.76,3376.89,3377.74,14883.0,3376.3770455058284,3374.614012779609,3370.6888917278343,3378.5876468941183,3376.2514709838324
2025-08-07 08:30:00,OANDA:XAUUSD,3377.73,3381.17,3371.645,3375.64,32049.0,3376.229636404663,3374.707284345099,3370.883052836547,3377.880190234362,3376.2806750448394
2025-08-07 09:30:00,OANDA:XAUUSD,3375.655,3388.005,3375.115,3387.98,38692.0,3378.5797091237305,3375.913894859181,3371.553521352761,3381.7802103627437,3378.441168689928
2025-08-07 10:30:00,OANDA:XAUUSD,3387.985,3397.58,3386.265,3396.24,31831.0,3382.1117672989844,3377.7617225992553,3372.5216185546133,3387.497814830398,3381.7390876636387
2025-08-07 11:30:00,OANDA:XAUUSD,3396.31,3396.645,3372.395,3378.51,50515.0,3381.391413839188,3377.829747817505,3372.7564570426675,3385.1239690964812,3381.5073753471715
2025-08-07 12:30:00,OANDA:XAUUSD,3378.49,3381.315,3373.535,3376.68,38758.0,3380.44913107135,3377.725225288641,3372.910321472367,3382.6813490629147,3380.973502562098
2025-08-07 13:30:00,OANDA:XAUUSD,3376.715,3378.91,3371.92,3373.095,22634.0,3378.9783048570803,3377.3042957169464,3372.917563767568,3379.5874182789157,3379.8746118094577
2025-08-07 14:30:00,OANDA:XAUUSD,3373.155,3383.415,3371.87,3378.29,36262.0,3378.840643885664,3377.393905197224,3373.128247541389,3379.2178058459995,3379.8120193543045
2025-08-07 15:30:00,OANDA:XAUUSD,3378.335,3389.98,3375.14,3380.735,29512.0,3379.2195151085316,3377.6976410883854,3373.4265515593743,3379.8243416550936,3380.172050223151
2025-08-07 16:30:00,OANDA:XAUUSD,3380.74,3393.965,3379.97,3384.995,48022.0,3380.3746120868254,3378.3610373530773,3373.8802162041047,3381.7825509067097,3381.213587716221
2025-08-07 17:30:00,OANDA:XAUUSD,3385.015,3390.5,3374.77,3387.815,68646.0,3381.8626896694605,3379.2204885027977,3374.4266783137477,3384.179502791476,3382.5950353326743
2025-08-07 18:30:00,OANDA:XAUUSD,3387.865,3391.065,3384.33,3390.255,27240.0,3383.5411517355683,3380.223625911634,3375.047396811248,3386.7373718860667,3384.2033388559184
2025-08-07 19:30:00,OANDA:XAUUSD,3390.25,3392.685,3387.2,3388.9,19292.0,3384.612921388455,3381.0123871923943,3375.5906361519833,3388.027313231163,3385.3473637606166
2025-08-07 20:30:00,OANDA:XAUUSD,3388.855,3393.12,3384.375,3392.4,25596.0,3386.170337110764,3382.0476247203583,3376.2498268911213,3390.1477831627776,3386.929637535073
2025-08-07 21:30:00,OANDA:XAUUSD,3392.425,3394.18,3387.625,3388.26,20537.0,3386.5882696886115,3382.6123861094165,3376.7208140718617,3390.1045725925,3387.563999021938
2025-08-07 22:30:00,OANDA:XAUUSD,3388.255,3400.895,3387.33,3399.945,31813.0,3389.259615750889,3384.1880782812877,3377.6315664612007,3394.209734923822,3390.121991994372
2025-08-07 23:30:00,OANDA:XAUUSD,3399.91,3401.885,3392.765,3396.48,24872.0,3390.7036926007113,3385.305525710262,3378.370720717624,3395.819049418915,3391.715854021224
2025-08-08 01:30:00,OANDA:XAUUSD,3400.365,3409.43,3387.965,3405.44,21012.0,3393.6509540805696,3387.1359324638743,3379.432261081639,3400.1010487190188,3394.6275097953057
2025-08-08 02:30:00,OANDA:XAUUSD,3405.38,3407.425,3396.485,3400.625,6866.0,3395.0457632644557,3388.3622113307947,3380.263348882359,3401.3216863223233,3396.287535147478
2025-08-08 03:30:00,OANDA:XAUUSD,3400.64,3402.34,3387.155,3388.802,79313.0,3393.797010611565,3388.402192118904,3380.598197945796,3397.818746935546,3395.6433781232613
2025-08-08 04:30:00,OANDA:XAUUSD,3389.42,3390.68,3381.215,3383.54,64386.0,3391.7456084892524,3387.960174653549,3380.7135627322355,3393.3218758505873,3394.141236961733
2025-08-08 05:30:00,OANDA:XAUUSD,3383.53,3389.925,3383.21,3388.425,46728.0,3391.081486791402,3388.002431503226,3381.015972036854,3391.811203322189,3393.6599943740084
2025-08-08 06:30:00,OANDA:XAUUSD,3388.43,3398.21,3383.58,3396.05,64339.0,3392.0751894331215,3388.7340286392964,3381.6055417608986,3393.453924771127,3394.5423559182536
2025-08-08 07:30:00,OANDA:XAUUSD,3396.12,3399.595,3393.36,3394.475,48272.0,3392.555151546497,3389.255935126633,3382.1102263977264,3394.0421095076017,3395.0106930959914
2025-08-08 08:30:00,OANDA:XAUUSD,3394.5,3395.88,3390.04,3392.44,47393.0,3392.532121237198,3389.5453955696667,3382.5153155586,3393.7032633586427,3395.040139580932
2025-08-08 09:30:00,OANDA:XAUUSD,3392.38,3398.18,3388.8,3393.695,59705.0,3392.7646969897587,3389.922632336061,3382.953734556302,3393.8876712889623,3395.260796679388
2025-08-08 10:30:00,OANDA:XAUUSD,3393.63,3404.28,3391.775,3402.33,80753.0,3394.677757591807,3391.050574850964,3383.713588103114,3397.1065855128086,3396.9288538129917
2025-08-08 11:30:00,OANDA:XAUUSD,3402.225,3402.635,3394.16,3394.455,56584.0,3394.633206073446,3391.360068046331,3384.1348199422077,3396.540627195558,3396.985315462144
2025-08-08 12:30:00,OANDA:XAUUSD,3394.445,3401.755,3393.9,3400.795,71907.0,3395.8655648587574,3392.217789133028,3384.788160336631,3398.3773887846955,3398.1113968625828
2025-08-08 13:30:00,OANDA:XAUUSD,3400.735,3401.24,3384.535,3385.155,74876.0,3393.723451887006,3391.5757173936618,3384.8025462057826,3394.0192206503552,3396.349841021106
2025-08-08 14:30:00,OANDA:XAUUSD,3385.12,3388.705,3380.455,3386.17,85372.0,3392.2127615096047,3391.0842885396924,3384.856171844772,3391.240824218363,3394.9776474246696
2025-08-08 15:30:00,OANDA:XAUUSD,3386.18,3402.57,3385.15,3391.615,103541.0,3392.0932092076837,3391.1325350360835,3385.121223929291,3391.2200175331536,3394.7158126555096
2025-08-08 16:30:00,OANDA:XAUUSD,3391.575,3401.82,3387.585,3400.16,83908.0,3393.7065673661473,3391.9532136691664,3385.7109798536326,3394.2987005532937,3395.9568102623566
2025-08-08 17:30:00,OANDA:XAUUSD,3400.145,3401.34,3381.32,3390.715,64828.0,3393.108253892918,3391.840648790151,3385.907215937804,3393.1033096640513,3395.377950348492
2025-08-08 18:30:00,OANDA:XAUUSD,3390.73,3395.505,3388.905,3395.42,48993.0,3393.5706031143345,3392.1660443546825,3386.280266293184,3393.936527108374,3395.6775871936575
2025-08-08 19:30:00,OANDA:XAUUSD,3395.425,3400.75,3393.495,3397.57,35860.0,3394.370482491468,3392.6573130497113,3386.7230009483537,3395.3031251884063,3396.296232626078
2025-08-08 20:30:00,OANDA:XAUUSD,3397.47,3399.59,3378.335,3381.835,35061.0,3391.8633859931747,3391.6734664088285,3386.531314636654,3390.6038229520905,3394.0871690774507
2025-08-08 21:30:00,OANDA:XAUUSD,3382.88,3403.96,3376.575,3395.555,75544.0,3392.6017087945397,3392.026333098935,3386.885184650903,3392.1847166027637,3394.5413961523245
2025-08-08 22:30:00,OANDA:XAUUSD,3395.5,3400.885,3392.4,3398.585,43696.0,3393.798367035632,3392.622575544486,3387.344000939103,3394.422099875085,3395.4510350889773
2025-08-08 23:30:00,OANDA:XAUUSD,3398.76,3400.065,3391.965,3397.765,14750.0,3394.5916936285057,3393.0900686768055,3387.752667568942,3395.725341174367,3396.086389292088
2025-08-11 01:30:00,OANDA:XAUUSD,3399.75,3401.395,3378.895,3395.295,7523.0,3394.732354902805,3393.2905169789137,3388.0484453113363,3395.7518019589334,3396.1966705401783
2025-08-11 02:30:00,OANDA:XAUUSD,3395.205,3397.035,3390.115,3391.39,6473.0,3394.0638839222447,3393.1177427081034,3388.1794866716764,3394.3446647826986,3395.6026329721526
2025-08-11 03:30:00,OANDA:XAUUSD,3391.535,3391.825,3381.425,3381.74,31185.0,3391.5991071377957,3392.083402461912,3387.926957782591,3389.851910398599,3393.402084296328
2025-08-11 04:30:00,OANDA:XAUUSD,3381.745,3383.975,3367.55,3377.645,44493.0,3388.8082857102368,3390.77082041992,3387.5237437519013,3385.177871176832,3390.7763656857596
2025-08-11 05:30:00,OANDA:XAUUSD,3377.645,3379.895,3369.895,3377.27,21472.0,3386.5006285681898,3389.543473109018,3387.1216361537877,3381.750171227828,3388.432743977144
2025-08-11 06:30:00,OANDA:XAUUSD,3377.265,3380.305,3374.025,3378.44,13943.0,3384.888502854552,3388.5340664627433,3386.7811798340313,3379.7984364113518,3386.60667030079
2025-08-11 07:30:00,OANDA:XAUUSD,3378.61,3379.86,3375.54,3375.975,12366.0,3383.105802283642,3387.3923331479486,3386.357408075834,3377.6075886723534,3384.602215441814
2025-08-11 08:30:00,OANDA:XAUUSD,3375.91,3380.2,3373.865,3377.115,12934.0,3381.9076418269133,3386.4580301344986,3385.994960700311,3376.5505425724996,3383.0721931166945
2025-08-11 09:30:00,OANDA:XAUUSD,3377.13,3377.42,3363.815,3365.815,28244.0,3378.6891134615307,3384.5813910313623,3385.2035896924554,3371.8286113656936,3379.7973218305074
2025-08-11 10:30:00,OANDA:XAUUSD,3365.75,3366.67,3357.02,3360.185,37920.0,3374.9882907692245,3382.3635373012385,3384.2224685280453,3366.53923093871,3375.998152818531
2025-08-11 11:30:00,OANDA:XAUUSD,3360.13,3366.15,3358.95,3362.01,29173.0,3372.3926326153796,3380.513215728399,3383.3513913308675,3363.556858227892,3373.0443920415373
2025-08-11 12:30:00,OANDA:XAUUSD,3361.98,3363.955,3352.965,3353.355,30220.0,3368.585106092304,3378.0442870258166,3382.175062259069,3358.4704653638532,3369.009966671777
2025-08-11 13:30:00,OANDA:XAUUSD,3353.365,3364.11,3353.11,3358.505,24169.0,3366.5690848738436,3376.267988205288,3381.2468245234195,3356.864555316314,3366.4401525920443
2025-08-11 14:30:00,OANDA:XAUUSD,3358.555,3358.91,3349.915,3355.435,32202.0,3364.342267899075,3374.3740801866256,3380.2345961107367,3354.7971906732364,3363.7179496121657
2025-08-11 15:30:00,OANDA:XAUUSD,3355.46,3357.705,3344.42,3356.91,39961.0,3362.8558143192604,3372.786436533296,3379.319906067178,3354.0305896747377,3361.6557326898514
2025-08-11 16:30:00,OANDA:XAUUSD,3356.86,3363.005,3348.04,3358.545,42623.0,3361.9936514554083,3371.4917604848147,3378.5052038684653,3354.243741448708,3360.195960583064
2025-08-11 17:30:00,OANDA:XAUUSD,3358.615,3359.445,3341.46,3346.38,35623.0,3358.8709211643272,3369.2088731680133,3377.245391952055,3350.172808926102,3356.8646120602384
2025-08-11 18:30:00,OANDA:XAUUSD,3346.435,3352.325,3344.855,3349.54,24966.0,3357.004736931462,3367.420793789103,3376.158905993151,3348.5532997545893,3354.57321152848
2025-08-11 19:30:00,OANDA:XAUUSD,3349.545,3350.4,3342.64,3344.21,25854.0,3354.44578954517,3365.310721626457,3374.90600771891,3345.637481894638,3351.71285396894
2025-08-11 20:30:00,OANDA:XAUUSD,3344.205,3358.88,3341.155,3357.635,38464.0,3355.0836316361365,3364.6129287513245,3374.2287132985607,3348.5472591884836,3351.616873721643
2025-08-11 21:30:00,OANDA:XAUUSD,3357.645,3358.865,3352.435,3356.255,21403.0,3355.3179053089098,3363.8531170466586,3373.5238617966565,3350.276226289006,3351.3477836517973
2025-08-11 22:30:00,OANDA:XAUUSD,3356.26,3356.92,3350.41,3351.525,18259.0,3354.5593242471277,3362.732379133326,3372.6611613340424,3349.919116181779,3350.3450415804227
2025-08-11 23:30:00,OANDA:XAUUSD,3351.495,3351.785,3342.335,3342.665,8505.0,3352.180459397702,3360.9080719393874,3371.4848412817273,3346.5652010658823,3347.988394896804
2025-08-12 01:30:00,OANDA:XAUUSD,3344.04,3347.51,3342.495,3347.365,4689.0,3351.217367518162,3359.6768835812613,3370.538965153032,3345.9546873490735,3346.8124604897075
2025-08-12 02:30:00,OANDA:XAUUSD,3347.345,3349.69,3346.155,3349.09,4959.0,3350.79189401453,3358.714439619328,3369.697829264678,3346.2413710763535,3346.144560479794
2025-08-12 03:30:00,OANDA:XAUUSD,3349.125,3355.77,3347.42,3354.595,11053.0,3351.5525152116243,3358.33994510848,3369.1055614503775,3348.5205938187582,3346.5723326990424
2025-08-12 04:30:00,OANDA:XAUUSD,3354.59,3357.51,3346.225,3349.945,15763.0,3351.2310121692994,3357.576768280436,3368.354166883696,3348.5482726211467,3346.1851417009075
2025-08-12 05:30:00,OANDA:XAUUSD,3349.885,3354.475,3349.795,3353.075,9749.0,3351.5998097354395,3357.1675166185782,3367.754983868649,3349.748656149829,3346.4394454900453
2025-08-12 06:30:00,OANDA:XAUUSD,3353.085,3355.42,3348.16,3349.57,10659.0,3351.193847788352,3356.476833289617,3367.0418472463493,3349.388155362193,3346.0961474191677
2025-08-12 07:30:00,OANDA:XAUUSD,3349.54,3355.77,3348.735,3354.47,8175.0,3351.8490782306817,3356.2943938996514,3366.5488336288454,3350.9287086436184,3346.69155275382
2025-08-12 08:30:00,OANDA:XAUUSD,3354.46,3355.87,3350.445,3354.515,11736.0,3352.382262584546,3356.132630817865,3366.076918584577,3352.072514397986,3347.2557178836673
2025-08-12 09:30:00,OANDA:XAUUSD,3354.525,3354.91,3342.31,3345.58,22637.0,3351.021810067637,3355.173300743513,3365.27311785577,3349.685649504862,3346.231261644832
2025-08-12 10:30:00,OANDA:XAUUSD,3345.59,3358.25,3343.84,3355.64,14242.0,3351.94544805411,3355.2157279486482,3364.8953485280927,3351.615429993068,3347.1251716817883
2025-08-12 11:30:00,OANDA:XAUUSD,3355.63,3355.875,3345.585,3347.96,12931.0,3351.148358443288,3354.556116316953,3364.2312172132656,3350.246672305797,3346.601418227358
2025-08-12 12:30:00,OANDA:XAUUSD,3347.975,3351.915,3344.385,3345.495,10746.0,3350.0176867546306,3353.7323784699574,3363.496463597059,3348.3918004937113,3345.7519821639657
2025-08-12 13:30:00,OANDA:XAUUSD,3345.46,3350.59,3343.965,3344.745,10143.0,3348.963149403705,3352.9153440635973,3362.761112083449,3346.8188105142285,3344.9176797796413
2025-08-12 14:30:00,OANDA:XAUUSD,3344.8,3348.475,3336.215,3347.605,18399.0,3348.6915195229644,3352.432585512361,3362.1667547468433,3346.7587445067907,3344.7231102076407
2025-08-12 15:30:00,OANDA:XAUUSD,3347.6,3358.2,3338.54,3349.95,38971.0,3348.943215618372,3352.2068959203284,3361.687666325399,3347.598352481759,3344.993109650553
2025-08-12 16:30:00,OANDA:XAUUSD,3349.88,3357.25,3340.03,3345.575,51260.0,3348.269572494698,3351.6039962912077,3361.055797057736,3346.654767486468,3344.497918201302
2025-08-12 17:30:00,OANDA:XAUUSD,3345.55,3346.715,3331.17,3337.595,42309.0,3346.134657995759,3350.330451173825,3360.13576580057,3343.1348823900234,3342.712611894472
2025-08-12 18:30:00,OANDA:XAUUSD,3337.6,3346.335,3337.05,3346.06,13035.0,3346.1197263966073,3349.9422283398408,3359.583774984861,3343.7079606326974,3342.6639900549885
